boot_id,T
0,0.010461127118243272
1,0.005958065327493263
2,0.006892795951317007
3,0.007281506094072382
4,0.009435891053181145
5,0.004187209820300857
6,0.0059062795200526
7,0.004398603509854931
8,0.008105252613156765
9,0.005897153826634982
10,0.00924035195615024
11,0.009120137764630531
12,0.009368326747295312
13,0.006710805367968703
14,0.00839616118537809
15,0.006949238895357463
16,0.005870494038681977
17,0.007906044971190164
18,0.008511681934767541
19,0.006462810880607045
20,0.008600598866009354
21,0.010047729482214187
22,0.0038822933664273323
23,0.006130696978859185
24,0.004078535080714065
25,0.0025715732788584543
26,0.010885496478341658
27,0.007864910200459025
28,0.008342169029528827
29,0.008591218952643134
30,0.00877371036719592
31,0.007498167082932586
32,0.010160498719899427
33,0.007033841886553742
34,0.008080048224066529
35,0.007425596929175949
36,0.0028452721596174207
37,0.007617975981837784
38,0.008119588429983273
39,0.008643352524008155
40,0.004283239066518972
41,0.005239993744396988
42,0.0071047760354225565
43,0.006814795527940174
44,0.009752081587122947
45,0.007011606091070844
46,0.005226879784064673
47,0.007957009153607676
48,0.009375279144229105
49,0.005686159607082304
50,0.009368292871640569
51,0.007272669976385006
52,0.005758877703378887
53,0.006800076340275002
54,0.004019542260284205
55,0.004736620023474847
56,0.00787868015864914
57,0.007074773948046159
58,0.007157417714625381
59,0.004981318691585903
60,0.0055347607852053084
61,0.008340714682753768
62,0.0077707241576455855
63,0.00868881507730719
64,0.009454433287966758
65,0.011353158141586535
66,0.009216606795404324
67,0.005976028622871315
68,0.011219321992847999
69,0.005846476441847015
70,0.005704991181397679
71,0.006914735607221135
72,0.008608480033426638
73,0.00959969605499979
74,0.006036515504281153
75,0.004309631937837498
76,0.009023357289686413
77,0.004769483451095485
78,0.00733271282348121
79,0.009027385643228997
80,0.0045756209099560834
81,0.008062776750712704
82,0.005263515439946495
83,0.008803652801937322
84,0.007732272433420602
85,0.00819021245485369
86,0.00972265716807233
87,0.005387012661044189
88,0.008171779840953805
89,0.005977041838678773
90,0.007029336343450471
91,0.007471103285023821
92,0.0036521533887286205
93,0.008963156233151701
94,0.006550197144571374
95,0.009931725704125056
96,0.0058681125709580725
97,0.01049484728625253
98,0.008126370125377558
99,0.008982605172481149
100,0.008965398331591632
101,0.00819267723078979
102,0.0084375056245275
103,0.006158791093369196
104,0.007107066465074169
105,0.008392202514176866
106,0.006209157427066826
107,0.010756036949460288
108,0.006529147682021494
109,0.0055868666316607075
110,0.007316809954101956
111,0.008713352443026973
112,0.006231830503957441
113,0.006892559955622715
114,0.005517438473426112
115,0.005334152640447912
116,0.013061227906845834
117,0.008764929439865964
118,0.005549854308654355
119,0.007280442804396955
120,0.007147481435921312
121,0.010573059804465957
122,0.004730957764774037
123,0.006921785910368743
124,0.006826551160713942
125,0.007339435035506591
126,0.01003092229876163
127,0.008338922217400959
128,0.01403886371357806
129,0.007031787081861101
130,0.005372980545449911
131,0.005614252823194839
132,0.007027939464813794
133,0.005263868720932678
134,0.007896798747982593
135,0.004631844804711671
136,0.005843241077138824
137,0.005654489207921967
138,0.010258001110544191
139,0.009082397348126395
140,0.007542494526002394
141,0.009880123747778535
142,0.004114566407423007
143,0.005155726762229701
144,0.008998704628665487
145,0.0086903457180214
146,0.006733985485910544
147,0.003824014183946294
148,0.008739612039355454
149,0.006444138926257846
150,0.006694002814533503
151,0.007654683171781968
152,0.008424222896440079
153,0.007519796080035912
154,0.007939694012745257
155,0.004119504333588983
156,0.004623741161199674
157,0.00747258792446971
158,0.008640788826519863
159,0.008354000199603653
160,0.005418578252214225
161,0.005829775099067716
162,0.006274505813254605
163,0.006541804647378776
164,0.009836225274745725
165,0.0051618452854272495
166,0.00541139014193442
167,0.008242262169636968
168,0.008205382847675202
169,0.009702268206790177
170,0.008525898537446676
171,0.004383523672272507
172,0.008012962222500197
173,0.008306081191828747
174,0.005401364198116719
175,0.004546675528073913
176,0.0032444551782695617
177,0.005768277313586709
178,0.008363877812538886
179,0.007182811378701315
180,0.007420934154476019
181,0.00837562887749661
182,0.006663664159339104
183,0.008851793463096686
184,0.006540173227205404
185,0.004629711667430631
186,0.010924219842451031
187,0.008117415915256127
188,0.00843180340121628
189,0.004367553374408796
190,0.005465040350452352
191,0.007992726586670152
192,0.011602745099253058
193,0.004919767088283355
194,0.009318237000505578
195,0.008224383342188727
196,0.008863525644332857
197,0.007102187716368359
198,0.010151776989688346
199,0.005972385112532397
200,0.007960073876638803
201,0.006112646632110362
202,0.00285090599632471
203,0.006651942802133206
204,0.006605924070017875
205,0.0049637510870877925
206,0.005901324365642919
207,0.00810178347165758
208,0.006662916560652414
209,0.007075931846351638
210,0.007550219339686461
211,0.008835877235461413
212,0.006886305986043564
213,0.008059092681993158
214,0.007165746354738571
215,0.006417867735108653
216,0.002142621631961914
217,0.004980284889274096
218,0.010322265150762669
219,0.009921145493837472
220,0.010259410642788671
221,0.010022676589747457
222,0.007952467170098789
223,0.0097644295684494
224,0.006906840633713366
225,0.0002909925919946599
226,0.006445006906980176
227,0.007963824825834307
228,0.005468979150473931
229,0.009763813033448584
230,0.009866439708438004
231,0.005489571122275319
232,0.005954456206071804
233,0.0059679976083079666
234,0.006826510320368501
235,0.006799807523649384
236,0.006289211944136447
237,0.006884331291490525
238,0.0072031307825228055
239,0.007433100719908187
240,0.0063340272963754345
241,0.005728582421070286
242,0.005677663553808427
243,0.00782556913437194
244,0.004960831050641865
245,0.00592036087866028
246,0.0074440331378597315
247,0.006307107360021072
248,0.01115050882802802
249,0.007134873865589267
250,0.009790990727436662
251,0.00912111689351304
252,0.006412844979795497
253,0.005406739247694756
254,0.006890282141465719
255,0.006785053413337047
256,0.008661592974335993
257,0.007218727829706101
258,0.003242221804584436
259,0.006647143050622056
260,0.006732437544271404
261,0.009587293944280591
262,0.008192825777797222
263,0.005295971065252236
264,0.0071806924963920635
265,0.008145099861116029
266,0.004867997972953392
267,0.011646034587192523
268,0.009862272470896822
269,0.007587769351843432
270,0.008817614260644202
271,0.012583366020472598
272,0.007771251675062115
273,0.005676092844446061
274,0.00763838336967476
275,0.009085122796646935
276,0.00527091314100812
277,0.008203475389785577
278,0.002556792587965691
279,0.0050084318327787425
280,0.006535864355800665
281,0.007560343271477922
282,0.005817828127401546
283,0.00903917733752356
284,0.004050831970293279
285,0.005694939050627487
286,0.005238758404833753
287,0.004892616826161579
288,0.008345270799688198
289,0.009363132763598337
290,0.009248613497883963
291,0.007236395848376963
292,0.009160980439673777
293,0.008526675535368513
294,0.005681878078271021
295,0.008761844794042555
296,0.005774930250731961
297,0.00662701939568842
298,0.005304312414331984
299,0.00944367208763135
300,0.008986781869727983
301,0.006757181741480043
302,0.009443579438308985
303,0.004174883947736192
304,0.009274788534332657
305,0.005999849920213252
306,0.008072594367890708
307,0.009515379182298656
308,0.010667246540198877
309,0.005287789863569739
310,0.004985261292452265
311,0.008303252164603285
312,0.006269292413839586
313,0.007908882576187963
314,0.0063474726270154
315,0.007967126208908604
316,0.007151875217110931
317,0.008249429859226073
318,0.01167020672780256
319,0.005758012697727655
320,0.007469118343357474
321,0.005413254563527137
322,0.007119834896973513
323,0.007058604479067118
324,0.010601640868727369
325,0.007007549395719107
326,0.0042585473047483694
327,0.005559598616045581
328,0.007459610737479273
329,0.006507441452697338
330,0.009097273619585075
331,0.008690415921651738
332,0.008056039957124716
333,0.0046302045657062975
334,0.005092765841617492
335,0.008675215705475699
336,0.0029162426701862853
337,0.008712163420168732
338,0.008045273740957043
339,0.011153807938282042
340,0.006574652147626149
341,0.004294621615655536
342,0.0075062483230897755
343,0.008779642617406404
344,0.007356768678167844
345,0.008626421360689272
346,0.007975408237627168
347,0.009014172861390996
348,0.009902773360855117
349,0.00585413567884527
350,0.0084381235784618
351,0.003033274257955981
352,0.007391921941401642
353,0.010268285934291941
354,0.006814680974933755
355,0.007073097180212142
356,0.005500093126657899
357,0.005766094234247385
358,0.006751138778497606
359,0.00670438996655365
360,0.004275236666483123
361,0.0074988555675092865
362,0.007194926692384335
363,0.01142632830881677
364,0.0064936209830768156
365,0.004102085216769607
366,0.007903419399215105
367,0.007198850268964739
368,0.007350692867494355
369,0.009015093053343167
370,0.008539773672908252
371,0.007227003578299862
372,0.009013051609896674
373,0.007791122661769713
374,0.010035936514264356
375,0.012280456290223256
376,0.006124632161935288
377,0.004254047400082802
378,0.005093044750272646
379,0.0063477209084042505
380,0.0039109770094768554
381,0.00759491306841361
382,0.006911914420028674
383,0.006852003455891287
384,0.01110899567720414
385,0.005875193043750429
386,0.007850869025968984
387,0.006770390126900672
388,0.009794056255107004
389,0.009534401167352805
390,0.00715335974439483
391,0.003554460931100116
392,0.0029344096949135506
393,0.0031986094882572175
394,0.008510097295102773
395,0.007775385337727589
396,0.007280513910912792
397,0.005914291697745694
398,0.006293242072521017
399,0.009060985328387876
400,0.0056972308768786905
401,0.0055618009449825865
402,0.0058925019356139315
403,0.007810545193796698
404,0.008700111400855737
405,0.009347351515631252
406,0.004805479590746676
407,0.007434455679080618
408,0.006784841097389161
409,0.005681012436051165
410,0.00790184884701497
411,0.009649022235800999
412,0.008043180537765518
413,0.008796723403192574
414,0.007901726304790867
415,0.009005787707940712
416,0.007940912879977067
417,0.008835101314895025
418,0.00791619478089991
419,0.006341476048123322
420,0.009652668213844293
421,0.007074594273958993
422,0.0058822788498116615
423,0.008700166822128343
424,0.005377666535808985
425,0.0073467224346961514
426,0.005920458076781094
427,0.00290417946392135
428,0.006942171766513553
429,0.006964605637031535
430,0.0050724647900939526
431,0.007762007607837776
432,0.007527327350197196
433,0.004219646270043792
434,0.005905773858480065
435,0.01090820957212672
436,0.008826588148724326
437,0.003773595190006027
438,0.004482397996513173
439,0.008308625777504488
440,0.00539773435364471
441,0.009439608716533293
442,0.007268174972344575
443,0.010075822187100522
444,0.008544519764850815
445,0.00818674657298045
446,0.007994505511619532
447,0.012787810571658845
448,0.007657632855400762
449,0.004968501644417004
450,0.005961957933306346
451,0.01069297300550642
452,0.006873062601773963
453,0.007108476870894167
454,0.006406710960914859
455,0.007153870293684916
456,0.008035052023742818
457,0.005148948822882182
458,0.007588746870222684
459,0.007123890151724446
460,0.005983006327279538
461,0.01097363657121167
462,0.008216553141669716
463,0.009077661470940097
464,0.007375346084175828
465,0.008017029728020136
466,0.010553791327538609
467,0.008383219141141714
468,0.007359365586641031
469,0.0037078002012238083
470,0.003837438138647541
471,0.004728211673602451
472,0.008498785221864029
473,0.006639524838365949
474,0.007168472962118981
475,0.006995275539903592
476,0.0063325541653856164
477,0.006974362260409326
478,0.002994259348602945
479,0.006644484345127447
480,0.008212645145975188
481,0.006287510461328161
482,0.004959018212205992
483,0.004791769321363462
484,0.009613616028913469
485,0.011359442969219515
486,0.008640590726977282
487,0.008496510323305772
488,0.004350143563582316
489,0.005451526326358664
490,0.009067130107963712
491,0.00707265822693883
492,0.007233709326638836
493,0.008871054751124301
494,0.010212072845497544
495,0.004508447532569827
496,0.0076151319719247965
497,0.008530736629896625
498,0.011675722901444936
499,0.005415632988918308
500,0.006510354200103444
501,0.005199739392197314
502,0.009253560298180509
503,0.009143658057925115
504,0.008278384092797747
505,0.005334143980760281
506,0.00858826107001964
507,0.008248359519371102
508,0.010343778651372336
509,0.010928353027989415
510,0.006374150838377788
511,0.005509478334514842
512,0.011215631866075671
513,0.009293196177506277
514,0.009603248753033871
515,0.008329833061970476
516,0.004894437529533331
517,0.007760981579895379
518,0.009347298760464001
519,0.006025081655522313
520,0.007398219940002578
521,0.003792844726637714
522,0.00775122487290493
523,0.009606761214147396
524,0.0073979964518544284
525,0.006467845133165759
526,0.0069782663435231885
527,0.003999466872780884
528,0.005523415952992218
529,0.00589714709265074
530,0.0043363738033336445
531,0.004869948649349953
532,0.010297318746909206
533,0.009070199316168493
534,0.006489298657033617
535,0.005618294409198619
536,0.007677556271910288
537,0.007759854287279484
538,0.007884418441647847
539,0.006121913081140035
540,0.0035204795429929865
541,0.009486979105063673
542,0.00565637913488209
543,0.0056555723597259975
544,0.008068656255469705
545,0.007068304277204292
546,0.008957847694001595
547,0.008745841273678515
548,0.0049719439615267605
549,0.0050021926606889176
550,0.005779339008129756
551,0.00704591741589599
552,0.008818582439446181
553,0.003359480117554427
554,0.008618545990423212
555,0.005712769033040095
556,0.00631962983754161
557,0.004833534872512625
558,0.006763759305266242
559,0.006907520131925686
560,0.006411191628878173
561,0.007616424698638621
562,0.008562721884194584
563,0.006458141081886806
564,0.007754283622126408
565,0.01095258683361247
566,0.0060834352168282774
567,0.006775182630942142
568,0.0056656624435917876
569,0.004249964066981517
570,0.006037574446150646
571,0.008686837969537679
572,0.007004730439534998
573,0.009992740601078735
574,0.007108782799228353
575,0.0067786824602637285
576,0.006936751186437615
577,0.008212749370749756
578,0.00665096100576153
579,0.007673995911045719
580,0.009579521162376625
581,0.005272162332382648
582,0.004379762484427671
583,0.005499205738739939
584,0.004638339060435317
585,0.00859516825928551
586,0.009469676827911116
587,0.003071212805479684
588,0.008288538834168723
589,0.005594225483417606
590,0.005349076653960694
591,0.01027578945203248
592,0.008184895206784776
593,0.004158226547749276
594,0.005914664448352256
595,0.009227756505727549
596,0.007918380283236149
597,0.00807266722975611
598,0.008255103158587596
599,0.00608392280762506
600,0.007982456439967719
601,0.004272623901009425
602,0.00835416400618968
603,0.004973535093952794
604,0.003822192399755439
605,0.012242232361094315
606,0.006376895911194722
607,0.008751446867710684
608,0.008375430348328734
609,0.004685415092568815
610,0.005547707878812537
611,0.007031455687105126
612,0.004889037181738522
613,0.0069854421472911685
614,0.004181174662597443
615,0.00611597023032273
616,0.006234307319779618
617,0.0063403661474088395
618,0.006382180328042568
619,0.004040044341456146
620,0.00669300250493394
621,0.008808334083439468
622,0.008446494899360283
623,0.006068411139308374
624,0.006260830559475275
625,0.005506259766685357
626,0.009344786900199565
627,0.0069977100338261405
628,0.010610670082879425
629,0.008746983187332281
630,0.007341924284309344
631,0.005772777776895396
632,0.008945400972342085
633,0.00886468295075071
634,0.008087482572410713
635,0.007731941412716869
636,0.007605494001798318
637,0.005187612217722223
638,0.005524053078062871
639,0.00951752702405673
640,0.006780832695016742
641,0.006521392877907095
642,0.011759341345656326
643,0.006686426549417967
644,0.005107707356799512
645,0.007336500741853352
646,0.010379265148189248
647,0.008937088693128052
648,0.00995933202014944
649,0.010637262823441919
650,0.006116156352019534
651,0.008765017697175484
652,0.00832840793234235
653,0.007461362405110257
654,0.008350544107920544
655,0.004860332947951252
656,0.007773672391746469
657,0.006152978535289239
658,0.009203470236346534
659,0.004149065201827043
660,0.00887365283486916
661,0.007595329859098008
662,0.008883601419608
663,0.0073585804967139954
664,0.00900956687807459
665,0.008318833795640527
666,0.005724643454582245
667,0.008754244867729712
668,0.007412714423472397
669,0.007036298960540965
670,0.00657438890653707
671,0.006873272213349849
672,0.00491056556268433
673,0.008537524232349058
674,0.007575168848958874
675,0.008852557893262846
676,0.008619818540583923
677,0.00788102186145009
678,0.009364256754230024
679,0.003570526407450085
680,0.008170800119631392
681,0.005137053770049459
682,0.006851008445899467
683,0.0049676917352820425
684,0.009651011904387797
685,0.005374303394390668
686,0.007666192364356138
687,0.005986834758001465
688,0.006605054230749199
689,0.006272222633125277
690,0.009659056229716802
691,0.00774279532364241
692,0.0064353605330283075
693,0.005199748936429003
694,0.007118657197936397
695,0.009216316054272988
696,0.0034456699306060394
697,0.005386920069569385
698,0.008002693688488478
699,0.004449931805604428
700,0.005094185423732295
701,0.004177238823975667
702,0.007818718985338332
703,0.007419777514173294
704,0.0073641701335114395
705,0.004807022241280018
706,0.004666073397977876
707,0.008544428259587449
708,0.0019573320545512697
709,0.01025167801504175
710,0.005593375469324966
711,0.011508776309907444
712,0.009456895421389666
713,0.0027460097642272793
714,0.00924551061121546
715,0.003545866254157705
716,0.007675493329148209
717,0.00523991955715099
718,0.007980709672026048
719,0.005213726328654669
720,0.005551120733689062
721,0.008154657130566312
722,0.008509760500660815
723,0.007429255221374978
724,0.004939842218034798
725,0.006705817747244482
726,0.004716492899491666
727,0.006804251418014158
728,0.0059181841172532765
729,0.0061981968915083355
730,0.009850790717032872
731,0.007123759277096556
732,0.0046369362956264135
733,0.008923986217037291
734,0.008571613508684017
735,0.005985004939323896
736,0.007927210117889105
737,0.006475026378805364
738,0.008602023124080267
739,0.005938200193595388
740,0.007177635909659086
741,0.005096873398663661
742,0.0006171266862094807
743,0.008129400223262355
744,0.0066934349140411395
745,0.007207526756663092
746,0.006796483429131525
747,0.008487434902307316
748,0.007231088024866382
749,0.006626526868263431
750,0.007687524683674835
751,0.007601064423652271
752,0.007719388594536901
753,0.006038182721104776
754,0.00923495111647625
755,0.005395316094709886
756,0.0031158199999746414
757,0.006521904629920845
758,0.009051232736929458
759,0.008516407232215731
760,0.006398431212968386
761,0.009338381625129163
762,0.0058559712406758115
763,0.003029623214579226
764,0.007345415493672576
765,0.006190144223670486
766,0.007854486224916342
767,0.00865581728264431
768,0.006031659835834639
769,0.008752856103621613
770,0.010044603607306855
771,0.010323607269357557
772,0.00747450555561299
773,0.010181998397210821
774,0.008110302172512227
775,0.006579892422686319
776,0.006251610856942499
777,0.006612645013825409
778,0.006944870567975367
779,0.005451976636874881
780,0.0064751712676528765
781,0.007924940487008276
782,0.007997614341320559
783,0.009103964952495925
784,0.008421000626317399
785,0.0038350830187936745
786,0.007487823187832331
787,0.009497889256612898
788,0.00547318974662159
789,0.005227326199150441
790,0.009950204861919693
791,0.010086108562660522
792,0.009990578496310935
793,0.004786540411809379
794,0.0040226983740092315
795,0.0056801948995579225
796,0.007130516896025512
797,0.006867417987035801
798,0.001744540257387356
799,0.0049633317788482486
800,0.006329627353512489
801,0.006828767061463151
802,0.010244255811684654
803,0.0064736479073918465
804,0.01075544254995294
805,0.009604100599084123
806,0.006666260634627813
807,0.005326972476826204
808,0.008599809465324291
809,0.011264318038971741
810,0.004481626868366795
811,0.007263423212841555
812,0.004901267798166316
813,0.003275265066862737
814,0.010891702876699208
815,0.005598535884858695
816,0.00636120818552526
817,0.008643987100518223
818,0.007625561248534715
819,0.006505981480581435
820,0.008736436199150974
821,0.009348252481251651
822,0.00843813267452261
823,0.006699795812715582
824,0.00827314132790377
825,0.005364113178769376
826,0.00932270427692138
827,0.006598796670919682
828,0.007128364781879656
829,0.011036988974417487
830,0.006856752047973919
831,0.008190501548189948
832,0.010262995681256205
833,0.0056349471345870485
834,0.008065274171912693
835,0.007389031619509451
836,0.009955226427865537
837,0.009105710040222781
838,0.005190591258402905
839,0.0069420920696003545
840,0.008818436234475794
841,0.007564261726706456
842,0.009753306542944654
843,0.011067177247727652
844,0.005169497991773453
845,0.010810629573198654
846,0.0033086012808268505
847,0.006456425997342356
848,0.006675197127790256
849,0.008781866920390438
850,0.005779283819552133
851,0.007619986228873036
852,0.0014036023577541717
853,0.005293674427859445
854,0.007117001288385079
855,0.008358933194172769
856,0.006585990617377429
857,0.011113750083976892
858,0.010048856525243295
859,0.0075534235328192974
860,0.009540255620597075
861,0.005107575609910676
862,0.005728392105799443
863,0.003583387977313587
864,0.006768335022023427
865,0.006009398709728643
866,0.009409214135158158
867,0.0068648447360932
868,0.008099748847605448
869,0.005762541311450148
870,0.006516177731755492
871,0.010755176033208805
872,0.0077035523774477924
873,0.005832961634153229
874,0.005945672036804818
875,0.007180963119319146
876,0.007395915033486858
877,0.0075653970913777124
878,0.008876258009742349
879,0.00571621254153487
880,0.005793992786385581
881,0.006258581660309524
882,0.009132974688054194
883,0.005169023648271866
884,0.00783845908420881
885,0.008020669892595594
886,0.006757629479228769
887,0.006270160680095624
888,0.007630778609886525
889,0.007149467876620281
890,0.010103894130236876
891,0.006106188591993387
892,0.008055350809638104
893,0.006657615310747716
894,0.007916071749806814
895,0.011084246470855492
896,0.004972533178925008
897,0.005077462157421544
898,0.006664774406739614
899,0.00772191334150171
900,0.005669429915892629
901,0.0017298953247979227
902,0.006067233412959663
903,0.0073107326558114775
904,0.004184408749017932
905,0.0042817122796288565
906,0.00769505941675522
907,0.006484835001545367
908,0.009744441679855812
909,0.00756061772565185
910,0.006664465261288664
911,0.007892094647560528
912,0.007404880509000214
913,0.011595555592629373
914,0.006093239736463148
915,0.0029710837800862146
916,0.009551079956591563
917,0.007365688740627663
918,0.007471105842954311
919,0.008257606278265658
920,0.007965628464912892
921,0.00717511261303933
922,0.00850701492562016
923,0.009391063060632787
924,0.006346997512112952
925,0.007193467659871398
926,0.006940876487813362
927,0.006992035353335728
928,0.009158612442178107
929,0.004802925919678686
930,0.005192730687943322
931,0.007847224381904098
932,0.007879639633857783
933,0.004135623545186461
934,0.008271275661854803
935,0.008066936709792288
936,0.00753688945809307
937,0.0070822608476823045
938,0.006930203950046068
939,0.00655676494457653
940,0.006728095129624264
941,0.006290888498068951
942,0.0066533121933537
943,0.008733251617499002
944,0.004040106924376235
945,0.00925285275173325
946,0.008648736162337387
947,0.008281358404219147
948,0.010708233293083255
949,0.005756261059341259
950,0.007116483495716737
951,0.008200105144228271
952,0.007936727129529014
953,0.007547595677404593
954,0.009031555546641208
955,0.008693559161042166
956,0.00820974189798027
957,0.008802556005477295
958,0.0030763544316789538
959,0.006204194721306689
960,0.0059296882860287335
961,0.011326156747250352
962,0.00926784698949836
963,0.005350256395123281
964,0.006251895584075814
965,0.009150256530935642
966,0.00535265774252547
967,0.004534515100092155
968,0.008755094543433864
969,0.006653358739771287
970,0.011825202732252578
971,0.008414510362256631
972,0.009927176415045416
973,0.009398830513857094
974,0.00743513196303696
975,0.01137937323520676
976,0.008988706518881302
977,0.01004793686088156
978,0.008181128569661631
979,0.0075787808333875415
980,0.00784677375140751
981,0.007705721956874775
982,0.009056130796816789
983,0.006534397611708928
984,0.004637222987271485
985,0.006917448680772454
986,0.010097819558583548
987,0.007428002947155017
988,0.010988723788801197
989,0.008814872336017974
990,0.008412904945100594
991,0.004944723191974501
992,0.007143949953357928
993,0.004314990828870017
994,0.007772391243820891
995,0.006414370439478042
996,0.009421999641131863
997,0.004688641424394102
998,0.00548802075207775
999,0.006982158091120627
1000,0.00683413934835615
1001,0.005623002859332732
1002,0.004981765956559024
1003,0.007799222381100673
1004,0.005103525620393716
1005,0.007313122698093243
1006,0.00913862225028248
1007,0.003807431816868862
1008,0.00721539747241636
1009,0.007387073263974381
1010,0.007480108387767792
1011,0.006134285582356373
1012,0.007812412443844315
1013,0.006015565937345273
1014,0.008857093544588045
1015,0.011130809018157498
1016,0.004456138847052581
1017,0.009053544060064648
1018,0.00934800332910284
1019,0.009891168738859013
1020,0.006894140485801475
1021,0.007013890553398022
1022,0.007128582875098009
1023,0.003308131027510459
1024,0.005591603044695227
1025,0.008711660055866838
1026,0.007300975601152849
1027,0.00858013301111247
1028,0.008755337392200534
1029,0.006893977008462111
1030,0.007632293004561187
1031,0.012254573353244088
1032,0.005402504717378975
1033,0.0066773686980009074
1034,0.008810038712845226
1035,0.0062559053460150005
1036,0.008514703528394115
1037,0.0045154034232141645
1038,0.008303443059357329
1039,0.00862851883538546
1040,0.005636087014776211
1041,0.010246252921847304
1042,0.004979725464910574
1043,0.004781982571643531
1044,0.008906052471650567
1045,0.009064538271848006
1046,0.009300754816533656
1047,0.004373336280757654
1048,0.005874783236437801
1049,0.0071146849066142746
1050,0.007398611888510638
1051,0.006441903332125859
1052,0.008327405195490151
1053,0.006836016256408528
1054,0.007548749319408148
1055,0.008305741770162346
1056,0.005481358150003969
1057,0.008819490781721489
1058,0.0055100704086548285
1059,0.006049442197564213
1060,0.004169756962577908
1061,0.007745996774510236
1062,0.007421230142298604
1063,0.002020138569446491
1064,0.005640324925180675
1065,0.008724445271017131
1066,0.006994779061815779
1067,0.0076643658312434875
1068,0.008818124354091319
1069,0.009750213943714284
1070,0.00784458772321045
1071,0.006756238783058881
1072,0.008715091317944833
1073,0.010423289097138029
1074,0.006024762827591236
1075,0.011359256351934766
1076,0.0053038956151188945
1077,0.0063676436686057715
1078,0.0065147983358416345
1079,0.006543405791810883
1080,0.007705579200959843
1081,0.012219712334819948
1082,0.0025514920399087324
1083,0.007639458686357098
1084,0.005153118443710176
1085,0.005873336838261247
1086,0.00550584809811749
1087,0.009538617087784449
1088,0.0043810350387881265
1089,0.00884899714618034
1090,0.010242910717321502
1091,0.006078707128507476
1092,0.009835742928057539
1093,0.008374121860164218
1094,0.006350526660785187
1095,0.007975436164771452
1096,0.008217908922046872
1097,0.0073307899510541095
1098,0.00449785413300965
1099,0.007501914726887356
1100,0.00473755403765848
1101,0.007987710243941876
1102,0.005487135449391252
1103,0.010150238613527266
1104,0.004348715269088719
1105,0.009293969169957512
1106,0.007315858401678574
1107,0.006682394422692928
1108,0.00821700935679603
1109,0.00834927102660835
1110,0.00722138352127358
1111,0.005182718109710252
1112,0.007409058420511622
1113,0.004010095663747994
1114,0.00568816992821051
1115,0.007072978689941718
1116,0.007903691321850412
1117,0.005308036670690955
1118,0.008214475135658381
1119,0.00852816766002013
1120,0.0026879602061542587
1121,0.008658312651484599
1122,0.00678880609860674
1123,0.004807995963009748
1124,0.009838410712326091
1125,0.008738309951766198
1126,0.007036324696703872
1127,0.007706729045709753
1128,0.0072051689349720074
1129,0.0011837657319945295
1130,0.009955829955438622
1131,0.008932561656603505
1132,0.004767275865560789
1133,0.007662515459750202
1134,0.0027333093925596746
1135,0.0038527528916915783
1136,0.006566704933780291
1137,0.009661836882469068
1138,0.005496985200559332
1139,0.005507216624520419
1140,0.0100102470982756
1141,0.0068820471936058645
1142,0.007015108021560398
1143,0.01027449011120546
1144,0.0071386195552372465
1145,0.008667103904043271
1146,0.006652308366635887
1147,0.0066800580330950935
1148,0.005696349308241392
1149,0.006719678781664101
1150,0.006712033950324067
1151,0.010701127688397167
1152,0.005934298628436886
1153,0.004103919310897005
1154,0.0046597194894676675
1155,0.0077472463132511075
1156,0.007587171943035198
1157,0.007884300672865658
1158,0.008149353601077538
1159,0.00578968961752011
1160,0.00637326738952394
1161,0.009534407361049864
1162,0.007811133761877949
1163,0.006439572592923574
1164,0.009224071501210001
1165,0.007822647334493008
1166,0.006683158929727951
1167,0.010297868634723711
1168,0.00998354131399276
1169,0.006942258704294185
1170,0.010519224587498915
1171,0.010258796076131338
1172,0.009696408959512352
1173,0.00739825339723599
1174,0.004664353419511693
1175,0.006680377765008278
1176,0.010200882752569265
1177,0.00436466049019789
1178,0.005884077080834012
1179,0.006131652301729938
1180,0.00591090737978371
1181,0.006228624401569551
1182,0.00680835832984079
1183,0.009188321711414744
1184,0.009088437095302831
1185,0.004827257027867954
1186,0.011987226635488818
1187,0.008646183711582626
1188,0.00663626503934793
1189,0.007325074330634554
1190,0.007622133612084447
1191,0.011499664819015263
1192,0.006686770699683141
1193,0.00596081650295086
1194,0.007009359619465702
1195,0.005465806647759154
1196,0.005789396814351895
1197,0.003481416599842696
1198,0.00888794547542486
1199,0.005842403667892437
1200,0.006303459526645694
1201,0.008311987960209556
1202,0.004282596519378599
1203,0.012118663728462748
1204,0.008492086659179058
1205,0.002070554605250291
1206,0.004007428788177464
1207,0.007975062803929778
1208,0.00945052836542393
1209,0.012029996639444861
1210,0.007677860345122858
1211,0.010657398097234094
1212,0.008896310472910035
1213,0.007771897715572509
1214,0.006512405400408525
1215,0.002316082557571575
1216,0.006450717940809511
1217,0.003459715362589125
1218,0.007169573366972074
1219,0.007011429094354966
1220,0.006727454443461732
1221,0.0035843096712324025
1222,0.004205429190898347
1223,0.006304692629758154
1224,0.010942878414926364
1225,0.008426056827631968
1226,0.007988934960036964
1227,0.010017767412207886
1228,0.007970061980009163
1229,0.00788259699597727
1230,0.006951842155240559
1231,0.008587093332598097
1232,0.007084987522755497
1233,0.008839658985707394
1234,0.004386777174366157
1235,0.007382004906151154
1236,0.005248063661576844
1237,0.004638941059857508
1238,0.009686317609013877
1239,0.006526381272342506
1240,0.004809315572816925
1241,0.008139199910366738
1242,0.0047314308098794985
1243,0.011182456995494658
1244,0.004061880583389324
1245,0.007713653263914042
1246,0.007997706756198823
1247,0.006532245233771337
1248,0.00505404119958844
1249,0.006795631109201447
1250,0.007752077170819505
1251,0.006207673742466032
1252,0.007193346581539056
1253,0.0053554906789461286
1254,0.008631778608531048
1255,0.007293719177744773
1256,0.005431504944954103
1257,0.006898494075718067
1258,0.007228024809854276
1259,0.0060362570479818144
1260,0.004759645211523509
1261,0.0067215136698024315
1262,0.009550685593716695
1263,0.005557242435229197
1264,0.010204245499986707
1265,0.01073254776250896
1266,0.008533521239204207
1267,0.004324703784313122
1268,0.005351824765429026
1269,0.008181011961383636
1270,0.010943824869975957
1271,0.006973908507424254
1272,0.005237861843147465
1273,0.00889164756225821
1274,0.0088400821213063
1275,0.0077894002787585
1276,0.004338841199999133
1277,0.007108996728799377
1278,0.007418350152153992
1279,0.00961688687879957
1280,0.010148435755320236
1281,0.005764121386554812
1282,0.005439793567906928
1283,0.0059474261154136236
1284,0.0027852078105104912
1285,0.008288875681037212
1286,0.00912986466161109
1287,0.008605792828275585
1288,0.010425807700977141
1289,0.009206111326263214
1290,0.007755614015193461
1291,0.0060484001631577146
1292,0.009358089667913756
1293,0.007947048667163536
1294,0.005070403615558316
1295,0.008082838355602676
1296,0.006068095623118647
1297,0.006995530359855506
1298,0.008122212882796442
1299,0.008781598653798644
1300,0.008524750177329132
1301,0.005585771090828984
1302,0.010327341160210566
1303,0.008819483968467988
1304,0.006629664201739158
1305,0.007439758717422339
1306,0.008197609628298725
1307,0.00783148386287623
1308,0.008804239857086988
1309,0.006157363669237923
1310,0.009763992248035563
1311,0.009929989182064865
1312,0.005283347276844779
1313,0.009026836227177546
1314,0.00450128459253455
1315,0.009816964719012259
1316,0.005813989437203668
1317,0.005518704462395843
1318,0.007756983179834742
1319,0.006897886347151163
1320,0.004452768248279578
1321,0.007375467945207563
1322,0.007410678088975562
1323,0.008317928287550864
1324,0.007099715988017769
1325,0.005095393400839537
1326,0.007437309058086673
1327,0.012625695196374515
1328,0.011104178428773367
1329,0.008261776040457202
1330,0.008545510134020112
1331,0.007691194609229256
1332,0.00806326450873698
1333,0.007415070676251291
1334,0.006035500385249934
1335,0.008772440369154092
1336,0.008957803026285942
1337,0.008254004822293005
1338,0.010428136278365674
1339,0.007077280062310426
1340,0.004318880079037146
1341,0.009959058738102836
1342,0.005281360652915484
1343,0.005402588760783239
1344,0.0024816339102002303
1345,0.006130379359343148
1346,0.00785095299535166
1347,0.010284535580576192
1348,0.00649893556325763
1349,0.01061684062369125
1350,0.007092127616321349
1351,0.003657968073552438
1352,0.007891076504984922
1353,0.007877272733410285
1354,0.008723369628275222
1355,0.007759142100053548
1356,0.006759232136943702
1357,0.009802598242646225
1358,0.005705635057357742
1359,0.00791894496500495
1360,0.006467023716181804
1361,0.0070125794034685855
1362,0.008803352700253593
1363,0.007353972306429482
1364,0.007625054470222488
1365,0.008576127282702444
1366,0.008963795978169101
1367,0.007191835377220557
1368,0.010134017426689021
1369,0.009894927627015215
1370,0.009471055711307023
1371,0.009100127512395525
1372,0.008820034750077043
1373,0.009059993105104499
1374,0.005398694713769425
1375,0.00796213744617005
1376,0.009701468143834569
1377,0.007001653602463567
1378,0.005377958635959808
1379,0.006777501507572181
1380,0.00807275000296494
1381,0.0072216100677664295
1382,0.008455110005467956
1383,0.00903746300576441
1384,0.007702169624656361
1385,0.005840629098807986
1386,0.009837822624484573
1387,0.005985435528068839
1388,0.008542400292500616
1389,0.006227789286013409
1390,0.005599719918317614
1391,0.010603466133530678
1392,0.0054711394200489165
1393,0.007891094798303378
1394,0.003865451293578763
1395,0.006073167944419833
1396,0.00613782787329611
1397,0.009725136669463643
1398,0.003262829061332996
1399,0.004221320994056725
1400,0.0033374977405644596
1401,0.007512193724657434
1402,0.007047227222087614
1403,0.005390771287118751
1404,0.00572892400394875
1405,0.004029159220072086
1406,0.007615556122013664
1407,0.006806190261391981
1408,0.009409607401281753
1409,0.00477137089579636
1410,0.006471573191758279
1411,0.007212212867753959
1412,0.00914500275598681
1413,0.010503715193684138
1414,0.00769647713769515
1415,0.008343784453811048
1416,0.010527305581527594
1417,0.005602749196031052
1418,0.008642907731935923
1419,0.009404052998620339
1420,0.0076499189319067075
1421,0.006178857926210143
1422,0.007018601898548726
1423,0.0032403073963954603
1424,0.008813534817814815
1425,0.003692741857239259
1426,0.0023699831928517085
1427,0.0032781790016689905
1428,0.010583259832913808
1429,0.005719774448600103
1430,0.00723470830930206
1431,0.005990873183164817
1432,0.008972173987168243
1433,0.007182186246008765
1434,0.007557212131457311
1435,0.0046879329685485345
1436,0.005437282898188659
1437,0.008704755338978748
1438,0.003421508205780395
1439,0.008267975271112948
1440,0.007104871883591467
1441,0.009577166087987438
1442,0.01015624885724956
1443,0.008822505460133728
1444,0.00823476281055179
1445,0.007404270806339543
1446,0.00896484201273555
1447,0.008531784194222547
1448,0.011192572383246915
1449,0.0060918552417102215
1450,0.006724896563580147
1451,0.005152867893650277
1452,0.009481480420730631
1453,0.007603305924942466
1454,0.00773995640674926
1455,0.008600145771671971
1456,0.008282014295245431
1457,0.011661013023101522
1458,0.006576375883331179
1459,0.007392714744277619
1460,0.00718921642786388
1461,0.007162270457890224
1462,0.0062809509233899925
1463,0.0032669635556268
1464,0.004821751501603095
1465,0.004042565758557913
1466,0.011758080725966482
1467,0.005386329571379523
1468,0.0034705681121456706
1469,0.009630666292179816
1470,0.004381067183941669
1471,0.007242094055489015
1472,0.005352377502334369
1473,0.006801943117272234
1474,0.008440152348889823
1475,0.009720323769898367
1476,0.005845698780098552
1477,0.007815755649007813
1478,0.005231614249112713
1479,0.01044558338030581
1480,0.002718497935219667
1481,0.004939526804428053
1482,0.006793109646515054
1483,0.006719022160176039
1484,0.007692294148256308
1485,0.008368147765152887
1486,0.0062779894657872485
1487,0.007393981100865169
1488,0.008775881177417387
1489,0.006366907644873016
1490,0.0077236981883524475
1491,0.002866827053834274
1492,0.0053916169187821685
1493,0.00791177795985674
1494,0.005743583614444573
1495,0.007383863961549053
1496,0.006904195656153458
1497,0.00841362641048006
1498,0.0087821378865943
1499,0.005123803827533926
1500,0.0050095887418768045
1501,0.0059457093898474455
1502,0.00573460252139672
1503,0.008791585682253678
1504,0.006670478033315835
1505,0.010657776372598328
1506,0.005458863284188956
1507,0.0052457789606123895
1508,0.008028400739110073
1509,0.008161972923435321
1510,0.010640245214529404
1511,0.007973833973094223
1512,0.00757914503549408
1513,0.008954202578295373
1514,0.005936984604566365
1515,0.010349693644170866
1516,0.004568900621859456
1517,0.008261140233246667
1518,0.006019967208869214
1519,0.0038479664183888027
1520,0.010927447771320205
1521,0.004683307414454931
1522,0.004340071651465184
1523,0.006866091480504979
1524,0.006791225511423955
1525,0.004543302761557863
1526,0.005154286415626904
1527,0.00676906255447077
1528,0.007981550126670725
1529,0.00891794213622655
1530,0.006550582288296849
1531,0.009408179384455177
1532,0.007050573466490096
1533,0.004518498611806576
1534,0.007057179083578317
1535,0.00877742110099588
1536,0.006459549451945955
1537,0.007514892053039758
1538,0.008203687802383244
1539,0.007462103218891039
1540,0.005487631514531785
1541,0.00911956817111496
1542,0.006851300022767297
1543,0.005236784283424665
1544,0.007388982604824882
1545,0.005496590122649919
1546,0.006281843033622464
1547,0.008048526117126127
1548,0.010674601139230043
1549,0.003306336422072928
1550,0.009741358274786838
1551,0.010994492577321633
1552,0.0086285101648427
1553,0.0050038421833354645
1554,0.008674382938295174
1555,0.006456057818850294
1556,0.008675513926053011
1557,0.0069855650359836015
1558,0.009460312859623402
1559,0.002517425954461962
1560,0.006681252810476971
1561,0.007022624937388725
1562,0.009819821560744412
1563,0.008094800328021382
1564,0.0073660919957124985
1565,0.0071390236078011805
1566,0.009029510645779396
1567,0.007549859193880124
1568,0.009539683797047734
1569,0.006992197493483532
1570,0.010802348558886803
1571,0.008432019261448107
1572,0.005990103841282152
1573,0.007082425234603428
1574,0.009160310125404142
1575,0.005940177472502114
1576,0.007321394698972772
1577,0.011014117618132705
1578,0.0046385724224661685
1579,0.006911106621417864
1580,0.005645453623196618
1581,0.010104722616420194
1582,0.0045362349115456255
1583,0.007510536094792441
1584,0.01130088111118973
1585,0.0057143762286990685
1586,0.005770448642793351
1587,0.005903548100285265
1588,0.006052484275822926
1589,0.005092934354271808
1590,0.0074820663360045505
1591,0.009050412440386723
1592,0.00647822898881798
1593,0.005624215596385436
1594,0.007819615640805388
1595,0.00789096366927992
1596,0.004023986552675241
1597,0.004142192661608204
1598,0.006697685702080342
1599,0.008080475993835906
1600,0.008793891118126297
1601,0.007612193656510491
1602,0.005487809221601315
1603,0.007501746759000882
1604,0.007403998804903564
1605,0.007884203702054577
1606,0.005383644844127807
1607,0.006753029928544843
1608,0.003061967711982208
1609,0.006388443854431054
1610,0.0076281220427511735
1611,0.005614634538289306
1612,0.007015947033009106
1613,0.006463610377904547
1614,0.007976931787802954
1615,0.007736246905623326
1616,0.01132810495823163
1617,0.00701108982873766
1618,0.00829500666781907
1619,0.007922261146994826
1620,0.007747590328110234
1621,0.006973013647393995
1622,0.004278387909339306
1623,0.007875039997564165
1624,0.008013555482762209
1625,0.007338297199177543
1626,0.008927164490136651
1627,0.008663257666803967
1628,0.009502380775339558
1629,0.009299245881070058
1630,0.009294921672303636
1631,0.00745199975595055
1632,0.00579037203178213
1633,0.008062581300332595
1634,0.003801707249710448
1635,0.0076081809011383835
1636,0.008180126708220718
1637,0.009372291571645954
1638,0.006452166489417437
1639,0.009160410984188964
1640,0.008938655215108615
1641,0.006763970976441547
1642,0.009674716463958276
1643,0.005328966437486047
1644,0.006551961837588995
1645,0.0044728423979143095
1646,0.006101288410601846
1647,0.004440665779449298
1648,0.007861492515865352
1649,0.004943719610128976
1650,0.008002853537814717
1651,0.008999019054716968
1652,0.006549193495214831
1653,0.005867396724459397
1654,0.008451400744686033
1655,0.0019049651867051333
1656,0.006441410939612727
1657,0.00897683119857754
1658,0.008888215509424703
1659,0.006611825530852385
1660,0.006920495935010938
1661,0.004854155023898578
1662,0.006042761752670533
1663,0.005443039845445695
1664,0.005954211625266456
1665,0.009775341148794138
1666,0.005912376142915288
1667,0.00395172544291225
1668,0.0062531700343714716
1669,0.006619322398725783
1670,0.0073932581511360245
1671,0.0045956023043967524
1672,0.006363222264970156
1673,0.006989300188763393
1674,0.008015325692445781
1675,0.007531877868817281
1676,0.007565851815161284
1677,0.005257003957154245
1678,0.010147809042481483
1679,0.008480006861370364
1680,0.00512088058955116
1681,0.00728027429416347
1682,0.004104671018908248
1683,0.012660275101900311
1684,0.00865231190556047
1685,0.008423527495061088
1686,0.008541664545457097
1687,0.005358372760244831
1688,0.007838581369170127
1689,0.008774672025367535
1690,0.008088926652043686
1691,0.008888012604010304
1692,0.010029709866287768
1693,0.0060696621950032375
1694,0.007171901486346929
1695,0.010273775260590463
1696,0.005899730148307339
1697,0.004583266272948047
1698,0.007282774549525134
1699,0.006667423200427075
1700,0.002517123824174551
1701,0.007745966715854459
1702,0.006009217373905032
1703,0.009561219574124178
1704,0.0074420982349940505
1705,0.005674965869499877
1706,0.003778481906877704
1707,0.005356517727344645
1708,0.008464206389753195
1709,0.009074176703609722
1710,0.007915363670787455
1711,0.006695311325542271
1712,0.006799353386863401
1713,0.006342405825312991
1714,0.007533922411906297
1715,0.006523939272019187
1716,0.006872509030327029
1717,0.004528566984341629
1718,0.006517878951199483
1719,0.004070284269130188
1720,0.006177162959261099
1721,0.009115749418384812
1722,0.007925905819076536
1723,0.006689167545650092
1724,0.004393446648834805
1725,0.004735743540624951
1726,0.008703099537756581
1727,0.008076460727624277
1728,0.006680499485969006
1729,0.005953650028572334
1730,0.009460299001545765
1731,0.007339280541503315
1732,0.006789747256164597
1733,0.0072959540954778464
1734,0.008503671857869991
1735,0.010445691111542676
1736,0.007310723905730269
1737,0.0068326252722920615
1738,0.007654423114816863
1739,0.008925162792826296
1740,0.003834775357921294
1741,0.008432186837499444
1742,0.00969724074716954
1743,0.007605667426417678
1744,0.011296389680631628
1745,0.007607794384560371
1746,0.010939187054649161
1747,0.009724708382996088
1748,0.0083399221286242
1749,0.005926079449486055
1750,0.011295368783822
1751,0.006309079465729585
1752,0.007136269952390049
1753,0.005847701464577077
1754,0.008148287269290776
1755,0.005863290405270562
1756,0.006568222428381941
1757,0.008477989575037748
1758,0.008933519865370184
1759,0.004780206610305998
1760,0.008023958175590023
1761,0.011201699913756021
1762,0.006060759415415886
1763,0.00492840780872647
1764,0.008561671123433017
1765,0.006970375799115011
1766,0.0049060815205378165
1767,0.006009638975273468
1768,0.009711743055568937
1769,0.005435817313978792
1770,0.007908744800636046
1771,0.009119470569708434
1772,0.0072228076319403155
1773,0.006887183080473727
1774,0.006567040446763146
1775,0.008554875200935291
1776,0.00848591073769574
1777,0.0071444130749351
1778,0.009657749896797404
1779,0.006783119731763439
1780,0.006307996386923999
1781,0.006618865942402763
1782,0.006157892170548411
1783,0.007497137784270335
1784,0.008977425904778243
1785,0.008339271869296914
1786,0.0060685138417081565
1787,0.007724568458470554
1788,0.005837008629599734
1789,0.009279257084165576
1790,0.009352415079296473
1791,0.007838048759327365
1792,0.007214259676624482
1793,0.004737805290171567
1794,0.008150536815327031
1795,0.007554963227997457
1796,0.009516726752790427
1797,0.00791716480366525
1798,0.004645282469158264
1799,0.007762057499007061
1800,0.007303914532012528
1801,0.0035672469708112275
1802,0.008691445565964186
1803,0.005151204565626391
1804,0.009032445600338118
1805,0.006658365139100628
1806,0.008013159494751575
1807,0.005302690139993689
1808,0.009158055938825644
1809,0.008999870776753436
1810,0.0029535501082849592
1811,0.008328708508524438
1812,0.004107744197062013
1813,0.007871281985346933
1814,0.0091747232702883
1815,0.00818711560278249
1816,0.0061897008154838725
1817,0.005867709304855176
1818,0.006445278739466239
1819,0.005073305376785295
1820,0.010211724074796431
1821,0.007250036422357361
1822,0.007181272925677261
1823,0.0069598411706223145
1824,0.008411310017999475
1825,0.006891568108641127
1826,0.004548590276150458
1827,0.011097726130158933
1828,0.007635310330173789
1829,0.007621217146722123
1830,0.008726155162044053
1831,0.007889013209086778
1832,0.008173994308426254
1833,0.0064171213220503105
1834,0.0045418501022931835
1835,0.006839021915189654
1836,0.00840791582457924
1837,0.005276111488374481
1838,0.00833740929269676
1839,0.004845982511587713
1840,0.011663951856039263
1841,0.005881457315903204
1842,0.006921034231723916
1843,0.007995670739114025
1844,0.003599285129169805
1845,0.003623932176358366
1846,0.00552533278276931
1847,0.004352100621064476
1848,0.0074867094675814426
1849,0.009539308198603243
1850,0.006659121470241942
1851,0.005365407059443599
1852,0.008955288059500958
1853,0.008838035773030639
1854,0.005010823050334038
1855,0.0043042715771219875
1856,0.005251640489186239
1857,0.007791735040265577
1858,0.005871589639576206
1859,0.008392202126010266
1860,0.009609840757671113
1861,0.007742681042737123
1862,0.005185162435089504
1863,0.008125570154689139
1864,0.007979649327032884
1865,0.005051241302883433
1866,0.007200768674754105
1867,0.004976495767347574
1868,0.0071105370374147355
1869,0.008586211658421281
1870,0.0059089205293675435
1871,0.008942216267982039
1872,0.007162110724772283
1873,0.007442716947367306
1874,0.009197480830115432
1875,0.010991388857784393
1876,0.009913350334611834
1877,0.008979393225588312
1878,0.00886933290372288
1879,0.008067304926198208
1880,0.004529903678542847
1881,0.008614933666771876
1882,0.004710273522298724
1883,0.00836006520420126
1884,0.007966830530873647
1885,0.007226128771861561
1886,0.005701356578318152
1887,0.009683686426665844
1888,0.009194785475687538
1889,0.007571043900623328
1890,0.007079991446992273
1891,0.007207386693297073
1892,0.007013416496295942
1893,0.010107728252902124
1894,0.008373254433916223
1895,0.009378040755508374
1896,0.0072382769475651575
1897,0.00564271446728726
1898,0.005852980751562571
1899,0.005948972819201268
1900,0.008432334238570616
1901,0.0077418663981880294
1902,0.008049091975168843
1903,0.008208312207771429
1904,0.0077305011830170025
1905,0.007535337613199385
1906,0.0066626393981715605
1907,0.004113005375400424
1908,0.006936299927899836
1909,0.006545694135329003
1910,0.0040155042481303345
1911,0.005715429912488511
1912,0.00671287677832037
1913,0.007683149484424691
1914,0.005845172601192185
1915,0.006415664057498697
1916,0.0068154429788962485
1917,0.007422973679823241
1918,0.007477841170901146
1919,0.006326501623341738
1920,0.007940348358445707
1921,0.0035802134023744333
1922,0.007298126689819549
1923,0.006654053007098197
1924,0.0057056929736212045
1925,0.0077360205038863455
1926,0.00596078272624814
1927,0.008022955869743073
1928,0.009132410317846455
1929,0.006468766590602688
1930,0.005267709582170759
1931,0.007310919862886481
1932,0.006168243890809987
1933,0.006567879609255828
1934,0.005914235021524263
1935,0.007599203505377704
1936,0.006246323072102747
1937,0.0068686736586678985
1938,0.005308561224606762
1939,0.008673245431557657
1940,0.008345129430557473
1941,0.005844063713428975
1942,0.008498950921616778
1943,0.006958739274386448
1944,0.00866739365137965
1945,0.004008334776000137
1946,0.008415430275744479
1947,0.004224237771947858
1948,0.007661732405469028
1949,0.007069703455878498
1950,0.00772746694177104
1951,0.008602915357327264
1952,0.005686927389756885
1953,0.009389976410907701
1954,0.007486781064680713
1955,0.008392129034381246
1956,0.009207389806660847
1957,0.004246786503998514
1958,0.009835800593052927
1959,0.007831599288389637
1960,0.002236075907218986
1961,0.005614407959198414
1962,0.009138885507204186
1963,0.008376280741257534
1964,0.006383019339325594
1965,0.006533058866165137
1966,0.005449659266052769
1967,0.005730903286854726
1968,0.008095701256833255
1969,0.004178093781789687
1970,0.011862855269565318
1971,0.008318655333175662
1972,0.007927659658428336
1973,0.006020374881732191
1974,0.01013885369359959
1975,0.00796303963019895
1976,0.005779276891107699
1977,0.004820087201831266
1978,0.007804201592478285
1979,0.007111682006018427
1980,0.002964821508708982
1981,0.00881720626996076
1982,0.00972295680710023
1983,0.00603277511285249
1984,0.005927657337123275
1985,0.005602743114117598
1986,0.0059862359723237574
1987,0.005023147673881778
1988,0.008160553965064264
1989,0.01075258784987029
1990,0.006142171749586022
1991,0.006406498375381648
1992,0.008306886497499751
1993,0.00580129549990525
1994,0.006080943667476292
1995,0.010626394846021018
1996,0.0036821703446061047
1997,0.007444178368446672
1998,0.009450130603351658
1999,0.008877291838765424
2000,0.011158164138677235
2001,0.005935860803551981
2002,0.00601006163222909
2003,0.004465176817169089
2004,0.007186387554907113
2005,0.007093144994942249
2006,0.007173070546719018
2007,0.004244131531406882
2008,0.005533243224280051
2009,0.0053234109117976155
2010,0.0074695408543189405
2011,0.009175804496904237
2012,0.005719670575612028
2013,0.009848954209515681
2014,0.005550040409075257
2015,0.007920130243791967
2016,0.007385212352522458
2017,0.008201526243433007
2018,0.007801742032936711
2019,0.009868919804188447
2020,0.010823974462629476
2021,0.007745341660754047
2022,0.010110227074668583
2023,0.009627722946768703
2024,0.009148007224782762
2025,0.005880430320847381
2026,0.008617292196793951
2027,0.007152928924522679
2028,0.004959447219916553
2029,0.009207419234735968
2030,0.006298766184124961
2031,0.010092830839007442
2032,0.007664492350329613
2033,0.006154226051193939
2034,0.007095593971899602
2035,0.005757226659188262
2036,0.0076653505556985
2037,0.0046068951120207076
2038,0.006072900305281357
2039,0.0071613485775279566
2040,0.007024785911442105
2041,0.007202773939467204
2042,0.008794422604459982
2043,0.010912189768473907
2044,0.007663419363171162
2045,0.00668495407205095
2046,0.006370145333057067
2047,0.006894609346267363
2048,0.005938085646371027
2049,0.008249306646517896
2050,0.002760256417548229
2051,0.004304190660128326
2052,0.008422831396898717
2053,0.003543277712869325
2054,0.005057750014880169
2055,0.009427649046764897
2056,0.009838736159221527
2057,0.007555907239369862
2058,0.008097310853844696
2059,0.00936315347480612
2060,0.009980169291629978
2061,0.007969772580456138
2062,0.007553338714588578
2063,0.006998567939243809
2064,0.008413162391865871
2065,0.008491458819422081
2066,0.006036479912152221
2067,0.008472779019599608
2068,0.009680199884778555
2069,0.004760463927337314
2070,0.009518559434946627
2071,0.010656735600385462
2072,0.009647229156102879
2073,0.006645780559397329
2074,0.0059959557857222415
2075,0.0068965090867356554
2076,0.005865622494879192
2077,0.00746462158564757
2078,0.007638403460406606
2079,0.00811017959263567
2080,0.004359819087331117
2081,0.007891918470092555
2082,0.006726880531462078
2083,0.009088596552005878
2084,0.007527609521590003
2085,0.004320232355550323
2086,0.008375155629303648
2087,0.008423860206293318
2088,0.007768010839068749
2089,0.004897119737577918
2090,0.007401219857557886
2091,0.008070903252190856
2092,0.008607389498960838
2093,0.008551963588457206
2094,0.006922347302306504
2095,0.0058306674927724
2096,0.006974786298662226
2097,0.009906474887160729
2098,0.006735622862997203
2099,0.006761831113119071
2100,0.0052570355003516865
2101,0.007840422538141429
2102,0.009345597246084143
2103,0.007252665619350879
2104,0.009800110031814548
2105,0.007432500258993785
2106,0.009499061204831408
2107,0.009879663211581444
2108,0.005260973786944212
2109,0.008069723958125774
2110,0.008376184469607804
2111,0.01215886863053996
2112,0.002652391249212216
2113,0.004102709359703261
2114,0.006080615277629103
2115,0.005400226862742204
2116,0.0091262720888741
2117,0.00723965016635938
2118,0.006646622437465335
2119,0.00840834952800001
2120,0.008244409633823354
2121,0.006883373361203859
2122,0.005633891381644017
2123,0.005555062854211579
2124,0.009295194714640506
2125,0.009152915350144106
2126,0.010036120417082243
2127,0.006146908469227423
2128,0.005232387327408852
2129,0.010538642367315143
2130,0.008843798930140945
2131,0.005816395605181964
2132,0.0052041111176800645
2133,0.0077989944958354205
2134,0.0070471426680852765
2135,0.0071834268652498316
2136,0.005869045315775518
2137,0.006701007859818911
2138,0.008508797762418897
2139,0.008451551880634185
2140,0.008191554263690169
2141,0.008193192439317978
2142,0.005337265749183154
2143,0.007691500959798696
2144,0.008021928336796649
2145,0.005763049217133287
2146,0.007992318990104354
2147,0.011560173206587383
2148,0.006052808203277212
2149,0.00791042758958142
2150,0.006243695449756693
2151,0.004539256742808516
2152,0.00813680764972853
2153,0.005891868374805355
2154,0.006153883853021324
2155,0.005724604024848892
2156,0.0041461173501189195
2157,0.004910590317960385
2158,0.009038829323250435
2159,0.006952153670727738
2160,0.007723012955851462
2161,0.009094021534553543
2162,0.00887559539661951
2163,0.006360521792402126
2164,0.006675938885674762
2165,0.006834218964559591
2166,0.00799668386407896
2167,0.009308542568359005
2168,0.00517863085127365
2169,0.010494091841850586
2170,0.005838335691265179
2171,0.007092700804102711
2172,0.007439107348436702
2173,0.004241309596319407
2174,0.006616805316695194
2175,0.00990285777224958
2176,0.006876825804877818
2177,0.0052677434105954015
2178,0.0069250259601650824
2179,0.00644860605692453
2180,0.00875490493045858
2181,0.003652423233377109
2182,0.006235417398957377
2183,0.009867551331379681
2184,0.01037421753179053
2185,0.008197114765019654
2186,0.004947146606847673
2187,0.00883222272760299
2188,0.009251572880419548
2189,0.006390172269483884
2190,0.0053959758282388515
2191,0.0057989663378770345
2192,0.005586569468332592
2193,0.006828112170492397
2194,0.009545837562769272
2195,0.005269800597004306
2196,0.008761990370867237
2197,0.00889547185197651
2198,0.008031486536001595
2199,0.008570232713089434
2200,0.00790729394271738
2201,0.00628202733441484
2202,0.004260845153249422
2203,0.004366283214227612
2204,0.007229593519455141
2205,0.007034518458464309
2206,0.005926602882533631
2207,0.005666063289568658
2208,0.010776395074728199
2209,0.00792827404705801
2210,0.005098003511626646
2211,0.0068182036842900865
2212,0.008456941816754302
2213,0.0031969715333970672
2214,0.006229267656814609
2215,0.003811723645588949
2216,0.006405676274589956
2217,0.0071092673308508865
2218,0.007987229933421764
2219,0.00510175099075003
2220,0.008067695686298643
2221,0.006087387948515102
2222,0.006679711455862891
2223,0.010727009644615959
2224,0.006068215391929978
2225,0.005246015063152568
2226,0.010564241631268137
2227,0.007453672524106722
2228,0.005245777103147791
2229,0.008507794288096449
2230,0.004194521769308951
2231,0.007254226831941378
2232,0.005913311191247608
2233,0.008374575583657621
2234,0.0073171183580759
2235,0.006498968252952392
2236,0.0056210035730740755
2237,0.005197163579612837
2238,0.0054689743172007
2239,0.01196402044701989
2240,0.009905923747884184
2241,0.009676793413587455
2242,0.005682922211090645
2243,0.008954211378727959
2244,0.006750343054689909
2245,0.00796742961277266
2246,0.0033064337107998635
2247,0.013265212895067435
2248,0.007470781617797457
2249,0.010523777208862937
2250,0.01030369698817814
2251,0.005361517167345418
2252,0.008716304641734568
2253,0.010417986269719131
2254,0.009259058256073935
2255,0.007138533706231914
2256,0.008663489487794931
2257,0.004921291687589309
2258,0.010353442485064675
2259,0.0070833661552616636
2260,0.004158436856908395
2261,0.009131600216912438
2262,0.007797620384575546
2263,0.0069859105461470075
2264,0.0068523042389558465
2265,0.006757792418822822
2266,0.004336030054755631
2267,0.012738331279488391
2268,0.005113652288144593
2269,0.008627825286228892
2270,0.008473331676596123
2271,0.007322688925742693
2272,0.006589763194303014
2273,0.004371383063239639
2274,0.0078078553553321255
2275,0.005297201477244746
2276,0.008886628373818673
2277,0.004204415323144444
2278,0.009087131513381703
2279,0.005892639777505702
2280,0.004660231407809576
2281,0.006224020595644063
2282,0.009899864257332542
2283,0.0071046711402519055
2284,0.011096965386266516
2285,0.007009233447797761
2286,0.0026166685941875142
2287,0.0053504950429477715
2288,0.004773631846825674
2289,0.008504744625911031
2290,0.006873327372177623
2291,0.003718922450400948
2292,0.005570457746756057
2293,0.007072661726824592
2294,0.006424938427364665
2295,0.0071565414445024355
2296,0.008816673950140047
2297,0.008100347772817141
2298,0.006236484964301885
2299,0.004535040406754495
2300,0.005365703058476185
2301,0.006952952760601719
2302,0.0063413410471201
2303,0.006033282502938395
2304,0.005776763062374249
2305,0.010615237674420385
2306,0.008617697547718317
2307,0.005969104553949045
2308,0.007084379141038301
2309,0.0031914204629819518
2310,0.006452924894032062
2311,0.009066552370089773
2312,0.00953452652746998
2313,0.0060171802455048305
2314,0.011478215432483172
2315,0.007082665486925194
2316,0.006068173879839176
2317,0.007695265789877527
2318,0.011282713939884495
2319,0.004148158385747223
2320,0.009045209372624258
2321,0.007736381120183007
2322,0.005908111019022099
2323,0.008181828047004916
2324,0.009867040636543914
2325,0.009729853961406935
2326,0.007001993023356179
2327,0.006688961952851463
2328,0.009438794246860538
2329,0.0063457223041376186
2330,0.006096420217485327
2331,0.005441092922484656
2332,0.008503653161796085
2333,0.009915396035116337
2334,0.006064288848984967
2335,0.00607539544495415
2336,0.009016857254288267
2337,0.008533803120131574
2338,0.006635255308715632
2339,0.007795482872151899
2340,0.006566220880166407
2341,0.006913462958012713
2342,0.00453725915612937
2343,0.00900991660633598
2344,0.006164708542955586
2345,0.007473098419541987
2346,0.008281555259055448
2347,0.005972461241279386
2348,0.00492899251529484
2349,0.005650788045994013
2350,0.00957364251509914
2351,0.011814329443299078
2352,0.00836723975974477
2353,0.008575271089101572
2354,0.00813056213378674
2355,0.0034180144759644467
2356,0.00934481460485897
2357,0.004229708861376624
2358,0.009014396652505488
2359,0.008853234102786368
2360,0.007302722908657697
2361,0.0031448988892797914
2362,0.005621527682165176
2363,0.0036928067145541423
2364,0.0075375221978658605
2365,0.006325274949041365
2366,0.006920668586155848
2367,0.009230845618873768
2368,0.006634584041657857
2369,0.005263657823947054
2370,0.006690762562854774
2371,0.007072144472408948
2372,0.008708218484604114
2373,0.010603551254039119
2374,0.004204505841196837
2375,0.006929362658961022
2376,0.004638534943735097
2377,0.006806652124652051
2378,0.004498316088057963
2379,0.0068821447196725696
2380,0.003328937855585018
2381,0.0072249693043583505
2382,0.008243090972640756
2383,0.004621440729550177
2384,0.008854219654595425
2385,0.006728101894973368
2386,0.005627340119831119
2387,0.009728033342439251
2388,0.008566036363594941
2389,0.002810471110728648
2390,0.0056473730414432766
2391,0.008532938160205063
2392,0.005056533229314536
2393,0.003900484727028556
2394,0.006273712158798175
2395,0.009011082990911719
2396,0.007396662144974303
2397,0.0092220093717633
2398,0.007769970098924368
2399,0.007325692770796652
2400,0.007916051137378526
2401,0.0067309642961322705
2402,0.009298635184297695
2403,0.006798552804489913
2404,0.0076521034588281495
2405,0.0054174376678577775
2406,0.008878799320185305
2407,0.006885127142070227
2408,0.003942506717839992
2409,0.005577999684493119
2410,0.006426643928392542
2411,0.007094105055434377
2412,0.006933218498549347
2413,0.00685387614748167
2414,0.00858000777273105
2415,0.0076224610186260535
2416,0.007454561691403343
2417,0.005477507918157927
2418,0.0041737476410839015
2419,0.00735854469238018
2420,0.0065852778693914135
2421,0.008109789297556192
2422,0.00769800706704976
2423,0.007294119337750647
2424,0.0066146026078287125
2425,0.007515444735816913
2426,0.004726320790662602
2427,0.010227033984123855
2428,0.006998619306887159
2429,0.010277809561957547
2430,0.009261475459445138
2431,0.007730465479428399
2432,0.00820658886838729
2433,0.010493406934514535
2434,0.0023873066418069857
2435,0.005365879014074003
2436,0.010630866649883362
2437,0.007652277189662024
2438,0.002077927321631946
2439,0.002028477973093007
2440,0.00855356376775193
2441,0.004494308136299334
2442,0.006510960009704322
2443,0.0064702816856712685
2444,0.006020738226832231
2445,0.006386767862885875
2446,0.007706838103873348
2447,0.006787113121086409
2448,0.007097548055643828
2449,0.007683345177010659
2450,0.003752172121693688
2451,0.005583652071720471
2452,0.010352793799364848
2453,0.008319617814672773
2454,0.006514386072627077
2455,0.006044576748600565
2456,0.007305314822959816
2457,0.010382899213443094
2458,0.006767669830618733
2459,0.007175010055180717
2460,0.005612639397726835
2461,0.005706570326852188
2462,0.00816255586541452
2463,0.004836214751948549
2464,0.009731199298514102
2465,0.0069753473370807815
2466,0.007271618752043805
2467,0.00687104965835973
2468,0.009563519285217625
2469,0.010183893099613496
2470,0.001011113392387384
2471,0.00793380493306516
2472,0.011203737761946579
2473,0.007675514005647965
2474,0.008863050699534445
2475,0.007407631596159708
2476,0.008128975436312868
2477,0.009211938739500766
2478,0.008104778855510161
2479,0.005448234948678429
2480,0.0056663258389383665
2481,0.005601425585238917
2482,0.0063363996074085075
2483,0.008689132306118086
2484,0.006244791783423716
2485,0.005448858344088219
2486,0.009196518059222905
2487,0.005621956940680359
2488,0.01120534866804621
2489,0.007435096365594885
2490,0.010434925485052909
2491,0.006610797886231539
2492,0.010718428361082942
2493,0.007266398097504683
2494,0.006484050970150685
2495,0.006702885077307673
2496,0.00860287561144034
2497,0.007425726814943375
2498,0.008005553143621006
2499,0.0047422638437342735
2500,0.010491291138291958
2501,0.007862974707985592
2502,0.00942283641781131
2503,0.009087002889666403
2504,0.011749824252953307
2505,0.008908966868441377
2506,0.008645243162863728
2507,0.006195827424007675
2508,0.00823089379576977
2509,0.008074224322997989
2510,0.010059181157558949
2511,0.007525626969671298
2512,0.013273071675283793
2513,0.010319396858119154
2514,0.0077041594755308624
2515,0.008879585773444238
2516,0.005918709830041838
2517,0.01016356943301017
2518,0.005564424553812904
2519,0.008575188403827485
2520,0.00877410341774437
2521,0.004379549365546078
2522,0.0055859404352992
2523,0.005172332576080441
2524,0.0034861402938407616
2525,0.0078430900582841
2526,0.007996999047137772
2527,0.010459345970425343
2528,0.007342052254104237
2529,0.0072570510843980515
2530,0.004078324002730834
2531,0.004219114936133674
2532,0.006484882980857835
2533,0.010841616157194593
2534,0.00707239719019005
2535,0.008682808544265038
2536,0.00637166836883347
2537,0.009510900529100082
2538,0.0018766723784742242
2539,0.00239402053347446
2540,0.005378025624517481
2541,0.011216985106162997
2542,0.0069974929922068455
2543,0.00704713201277771
2544,0.007564537977542582
2545,0.006242646967529637
2546,0.005404097216113337
2547,0.0074904968380563
2548,0.008145732238606368
2549,0.008219476767482959
2550,0.004258479816613567
2551,0.007367244428585024
2552,0.007530809194574441
2553,0.006790603513615964
2554,0.0073395853358950765
2555,0.007856256966184635
2556,0.00832858420719235
2557,0.005266987450758939
2558,0.010498882409569043
2559,0.004449663455784966
2560,0.003838683302602728
2561,0.005791981308524087
2562,0.006621828689668477
2563,0.007028437903136557
2564,0.008344065393004411
2565,0.003911753560997509
2566,0.006167633292573314
2567,0.006453340902857122
2568,0.007957358195849983
2569,0.008360560965874191
2570,0.007565844888759284
2571,0.005433007325377661
2572,0.01150289329697951
2573,0.008132672772423957
2574,0.007190656010075336
2575,0.003987672991141714
2576,0.0057403172388356734
2577,0.010095533012891258
2578,0.0035600873377932677
2579,0.006506180892868795
2580,0.004814141764552792
2581,0.0042243050816937674
2582,0.008003483073392013
2583,0.007624443712039489
2584,0.008505699342334878
2585,0.006649510152161123
2586,0.0076878578407716365
2587,0.009843210264512695
2588,0.004984152257707973
2589,0.007213371134634557
2590,0.008361226937989874
2591,0.008014852363189447
2592,0.007788563554120537
2593,0.0064861515033157015
2594,0.010055056550736033
2595,0.00987200956698272
2596,0.00850984909436062
2597,0.008244566363034235
2598,0.008047084386252196
2599,0.006631512237769743
2600,0.004551355498062157
2601,0.007252200643290696
2602,0.008010559341007925
2603,0.0070525716994900844
2604,0.006833276380128224
2605,0.011713320436894692
2606,0.009582774514587718
2607,0.00798615920464144
2608,0.004706082494004044
2609,0.008584312972393272
2610,0.005194762757545082
2611,0.007563687266109097
2612,0.0056300601498275385
2613,0.009589999913616734
2614,0.006268509587899701
2615,0.007241903957018759
2616,0.004861762701745386
2617,0.007190167933211521
2618,0.006122924764226105
2619,0.007603112514436933
2620,0.005086324343472077
2621,0.007172513725828067
2622,0.008905492492430655
2623,0.003484587360814939
2624,0.007474331796879044
2625,0.0066279266050192145
2626,0.006833570647112914
2627,0.008371588673510602
2628,0.007625822117625343
2629,0.00927859606224303
2630,0.007838136446150622
2631,0.008296982529447428
2632,0.008808684450796442
2633,0.008560723012159838
2634,0.006460274990805678
2635,0.007422610886888503
2636,0.006391979985730263
2637,0.007376803410154594
2638,0.006754173207574823
2639,0.006808527610074075
2640,0.007689138653006525
2641,0.0090458580609615
2642,0.004913885318502162
2643,0.005420993605846773
2644,0.007349253303807431
2645,0.005524084054003872
2646,0.0063221565784480505
2647,0.010879541189178322
2648,0.004922000927690654
2649,0.006804141562680804
2650,0.004625808207625084
2651,0.0081547082673017
2652,0.00797743494588853
2653,0.009258365886646684
2654,0.008551126340232093
2655,0.007044695970278639
2656,0.009265282933677238
2657,0.007311841334992533
2658,0.005380548933182223
2659,0.00875519660333662
2660,0.006424410255607975
2661,0.009727972044920171
2662,0.00910093071096228
2663,0.0070117185020879685
2664,0.009058038996446511
2665,0.01019821058367481
2666,0.0068389518195385145
2667,0.008409646830479857
2668,0.007452614071484629
2669,0.010121098812538632
2670,0.005752672983315752
2671,0.009177350171249755
2672,0.007866077597595628
2673,0.00710278813847582
2674,0.007586469498257822
2675,0.0052771636420623266
2676,0.005871393335118816
2677,0.006326563857944853
2678,0.008628482146463393
2679,0.005466707458579757
2680,0.008196079230183543
2681,0.006119377250850343
2682,0.008290326658100599
2683,0.00830382407674078
2684,0.009089089624870655
2685,0.00820932428826895
2686,0.006785793483755458
2687,0.004507928426184135
2688,0.004521166321551194
2689,0.007652550629134934
2690,0.005963657760845214
2691,0.0031580893019127394
2692,0.006188212703551341
2693,0.006111446778084112
2694,0.007614035736752936
2695,0.0063836290191341015
2696,0.007663669748866972
2697,0.0057028065178283405
2698,0.008701472287606217
2699,0.005192867604755886
2700,0.005496900659756608
2701,0.00755435877463165
2702,0.006446702577880994
2703,0.008633047645131666
2704,0.00436412457636233
2705,0.0078573479046957
2706,0.008068055823755286
2707,0.004874117562158671
2708,0.0068872066536509015
2709,0.010329721356709096
2710,0.006453547260599454
2711,0.007492449779778869
2712,0.006106406027192308
2713,0.005523597245038285
2714,0.007566933053997282
2715,0.0069031643432093765
2716,0.008922686032388136
2717,0.008207640334314644
2718,0.003686088103750046
2719,0.005841463723389345
2720,0.00484504337101561
2721,0.004057116831808429
2722,0.008763216758927234
2723,0.009116651008424969
2724,0.00667806267513818
2725,0.009244233674631555
2726,0.005532511637306099
2727,0.009205592098758314
2728,0.010864420110226617
2729,0.005878065260128196
2730,0.006367070563040872
2731,0.00959073906859681
2732,0.0054012060877198734
2733,0.006586855177531511
2734,0.007312221692429148
2735,0.007400971393433665
2736,0.006524816302964251
2737,0.008121164586864717
2738,0.008503870057566257
2739,0.005303155156701098
2740,0.005710956018336911
2741,0.007223002591618186
2742,0.009263860654555787
2743,0.0083747176572763
2744,0.006273507235463942
2745,0.005606989515376469
2746,0.007849486077397402
2747,0.006352729203623816
2748,0.00811408859034275
2749,0.0050891802655653835
2750,0.008762772459083834
2751,0.01134750535783397
2752,0.00684231863655189
2753,0.006092684936511385
2754,0.009100100300366308
2755,0.0067792427289341175
2756,0.008064010973608324
2757,0.005970254229960656
2758,0.009517990473131293
2759,0.0105697099364302
2760,0.0073045614913565165
2761,0.00874195733275533
2762,0.009550193981586626
2763,0.008849199567247678
2764,0.006661359667946126
2765,0.006530725640413129
2766,0.008656639330694249
2767,0.009138782536408967
2768,0.003348007433857966
2769,0.009041894846909157
2770,0.007288796933692593
2771,0.011045838369988785
2772,0.007257676483155682
2773,0.007814493381905735
2774,0.005972477485401357
2775,0.007460861783880207
2776,0.007633657657508589
2777,0.00628130902886138
2778,0.007509481878937177
2779,0.008369858534058094
2780,0.010725404311202003
2781,0.005535499403226245
2782,0.007238751271128751
2783,0.006519059871228394
2784,0.008328008958620861
2785,0.006433694877421486
2786,0.011133015115569512
2787,0.008021922380594342
2788,0.01027549577791315
2789,0.004220664962277511
2790,0.010441701342230226
2791,0.00595135966817286
2792,0.004997418544396592
2793,0.006815258384255808
2794,0.006718178925172795
2795,0.008784442823746361
2796,0.00542938522287842
2797,0.009221537649206331
2798,0.00407532707345463
2799,0.007317603372299494
2800,0.009053798080675362
2801,0.007216629072348791
2802,0.005949605134612818
2803,0.006369226494977144
2804,0.012449193145650137
2805,0.005648752699299939
2806,0.007423176110493067
2807,0.008067043618405847
2808,0.009601340141518441
2809,0.007063100651166667
2810,0.00631807089524606
2811,0.007742934292607429
2812,0.007190362828140872
2813,0.00568208584762654
2814,0.005203038038983013
2815,0.0069162882061956504
2816,0.008011219520740081
2817,0.009188890509863967
2818,0.006660431700289992
2819,0.007586951746588304
2820,0.003994446460543911
2821,0.005013352235473645
2822,0.007659645719148745
2823,0.007968981671109347
2824,0.005446106623739527
2825,0.008785639387479106
2826,0.007031140773165441
2827,0.010211845993397655
2828,0.00739811847319795
2829,0.009477112247002274
2830,0.007029578262737704
2831,0.01005532369368964
2832,0.006807995363604102
2833,0.0070478237839560805
2834,0.00584877284912441
2835,0.005540563646959697
2836,0.008409821355468142
2837,0.006939045101701352
2838,0.0063187308583478406
2839,0.009921600308658903
2840,0.008149825478851836
2841,0.006335360646358004
2842,0.008783341036872273
2843,0.008093335384295037
2844,0.00743845535883315
2845,0.006399253438854309
2846,0.005568286119055984
2847,0.006369449837223404
2848,0.007893603618003049
2849,0.005295008401388289
2850,0.004944931263398841
2851,0.009579554094161469
2852,0.0075784420528123425
2853,0.006574178753422147
2854,0.008813220872387709
2855,0.006247119095640827
2856,0.009559792053216472
2857,0.006789751843336719
2858,0.006282796506621696
2859,0.0020707503690549243
2860,0.008372542430453777
2861,0.008113861837942571
2862,0.008227191101307011
2863,0.006381851242786167
2864,0.005263556184345525
2865,0.005356962515413556
2866,0.007728047942580979
2867,0.006083401572030997
2868,0.0068503327869657345
2869,0.006926943764906232
2870,0.004584923685547021
2871,0.0075166338103911864
2872,0.005003615978069621
2873,0.00561262911351854
2874,0.009781502171168641
2875,0.00807601799358258
2876,0.005852212468240678
2877,0.00555315798505124
2878,0.00788201086307393
2879,0.006481496967801527
2880,0.006018128020502733
2881,0.011743901030373033
2882,0.007942666165229822
2883,0.009304398057934083
2884,0.006706136341315417
2885,0.006596329042854354
2886,0.006983364371034184
2887,0.009442440508158626
2888,0.007891339551279013
2889,0.006326155212476837
2890,0.007407871889494773
2891,0.008951206123404689
2892,0.003700324603374984
2893,0.007146292905903344
2894,0.00961418213201293
2895,0.006115837690822653
2896,0.007797301482548062
2897,0.005730567101217021
2898,0.004967662779260374
2899,0.005917164251985574
2900,0.01002679355944521
2901,0.005136192585067858
2902,0.006301661228373753
2903,0.005103630574620742
2904,0.008357431223519726
2905,0.008066356063085058
2906,0.007820954739566423
2907,0.0080052247421364
2908,0.005345348459374498
2909,0.006090207272862841
2910,0.007245200803897067
2911,0.007482455052704262
2912,0.01073776686209102
2913,0.0037470871071578716
2914,0.004639554808347142
2915,0.006133285492719328
2916,0.01003191869490117
2917,0.00826294930233774
2918,0.007869272964028395
2919,0.008173278102956733
2920,0.008864422281413606
2921,0.006261850031116968
2922,0.006415757596094469
2923,0.005029353720047319
2924,0.0074704452223616075
2925,0.010889588303430934
2926,0.0061745293097687105
2927,0.009795276553309343
2928,0.008146270764499808
2929,0.008886981833102686
2930,0.006035573866134193
2931,0.004794046488936321
2932,0.007664793930318903
2933,0.005731873335357094
2934,0.009074487419413935
2935,0.007667679510769856
2936,0.007255778532698247
2937,0.006329884537654857
2938,0.007135408485044886
2939,0.009435603238108475
2940,0.008208797710885344
2941,0.007733556192273694
2942,0.010847618831956205
2943,0.004580160671989966
2944,0.005911107251092789
2945,0.007552325045269717
2946,0.0070094963443050285
2947,0.007199439763969547
2948,0.007511338180427013
2949,0.006266002439780416
2950,0.007958179186151569
2951,0.0040096388725500195
2952,0.010300884912984361
2953,0.005908062853928131
2954,0.007406450275222102
2955,0.005452922918293994
2956,0.010741292827529107
2957,0.006865408330561637
2958,0.005152264779179462
2959,0.007535949212951923
2960,0.007165094024986986
2961,0.005499249629754609
2962,0.0044199350324065495
2963,0.0030834645437304354
2964,0.007799413440343563
2965,0.007948357802769724
2966,0.008792994817713852
2967,0.0052095359369473855
2968,0.006257165548415389
2969,0.009157681124048443
2970,0.008022068617557016
2971,0.007356622599287023
2972,0.006876184723095258
2973,0.005735090373781657
2974,0.009135445249640129
2975,0.0064413133004070115
2976,0.009610871716678744
2977,0.004900933657877813
2978,0.0058299016205710305
2979,0.006009208008442845
2980,0.00739353683114212
2981,0.007455550030077534
2982,0.006807266341826626
2983,0.006913951846018025
2984,0.005636843893617623
2985,0.0075244614501039
2986,0.008793882873325198
2987,0.00430585407510209
2988,0.0042667482618756756
2989,0.003948491362796458
2990,0.009934980269935008
2991,0.009940521916527075
2992,0.006778761811360676
2993,0.007511415248023246
2994,0.010661239957261644
2995,0.005847295192576157
2996,0.008445024067804445
2997,0.0046615183397269765
2998,0.0056154942401381355
2999,0.006943299746183146
3000,0.006595581932944407
3001,0.006893582342942925
3002,0.006182756165437957
3003,0.0055277434582231
3004,0.005749589789431297
3005,0.00937046175189776
3006,0.0050877031902584165
3007,0.005742562623695982
3008,0.006929305474432541
3009,0.0065877821172052545
3010,0.008898994512251117
3011,0.00864281940041774
3012,0.008600291478812198
3013,0.006068993706196125
3014,0.004669633215647705
3015,0.00843283505338923
3016,0.00438327634813406
3017,0.009113628123175257
3018,0.0012780109045964758
3019,0.008403264027181754
3020,0.012294106754246383
3021,0.004579966366971968
3022,0.010943849792721356
3023,0.008993464850570869
3024,0.00869302465545733
3025,0.0058561837531420245
3026,0.0047994268076289055
3027,0.007364300105797033
3028,0.006262644172560729
3029,0.009089461723021688
3030,0.005771123551305112
3031,0.007168553800031538
3032,0.006638352809737085
3033,0.006916675978185098
3034,0.005194272768094914
3035,0.008115633549193608
3036,0.006262762913752153
3037,0.006098047952393562
3038,0.0053469904595399
3039,0.007766585008124475
3040,0.006093916059917928
3041,0.008446518429812302
3042,0.0034394017806361117
3043,0.007895587775470735
3044,0.006269079906723966
3045,0.005270991566881321
3046,0.004184116530411175
3047,0.004718856951859028
3048,0.005466318888208163
3049,0.009616414904557377
3050,0.007451680657394602
3051,0.011939945686214355
3052,0.005950205007904841
3053,0.0031336156749235304
3054,0.009267119354872518
3055,0.007535030220583763
3056,0.004961967132047332
3057,0.009390331217476825
3058,0.006328158732558822
3059,0.008891874191310998
3060,0.002854876857890056
3061,0.006198929338944326
3062,0.006515385191678475
3063,0.008988729413843516
3064,0.006725060141009054
3065,0.007698163946237305
3066,0.009834068301809907
3067,0.004911841593474112
3068,0.00660198174077155
3069,0.006813110109736287
3070,0.008612142655041323
3071,0.00658971608793551
3072,0.006915504579649102
3073,0.011021673531962822
3074,0.009225586166198846
3075,0.0048066030978164516
3076,0.006607452439057651
3077,0.00760451496819649
3078,0.007682208321499384
3079,0.008740183649349417
3080,0.007548772523173109
3081,0.006139869886426354
3082,0.006876061338734113
3083,0.007135196942458602
3084,0.005638269919931359
3085,0.008357526475421368
3086,0.007965848181625605
3087,0.008252078466015382
3088,0.004833727305884544
3089,0.008591032828270414
3090,0.006410882093617208
3091,0.01089889890936165
3092,0.009573151655116668
3093,0.003734122752202499
3094,0.006555960858719399
3095,0.0034849366813627302
3096,0.007134066712477306
3097,0.0074261911953918
3098,0.007659614355129728
3099,0.004897988611199597
3100,0.00442767801665365
3101,0.006362709897297271
3102,0.0068649807563913685
3103,0.009954618894035596
3104,0.008980532131801966
3105,0.00453790217822625
3106,0.003445629377793544
3107,0.006351762497690858
3108,0.00448748919487496
3109,0.0071939689703932035
3110,0.009635322981224515
3111,0.007345950688647266
3112,0.004931635067917146
3113,0.009097256500399489
3114,0.005809159319290787
3115,0.007976229142812366
3116,0.004736306828731998
3117,0.00693177966310024
3118,0.007790056142599905
3119,0.007771936720839878
3120,0.009363606268442268
3121,0.005124497384997408
3122,0.007393200221055671
3123,0.010907015240306569
3124,0.006280294472947273
3125,0.007694229663102431
3126,0.011050425638178592
3127,0.00946731102446775
3128,0.004465732167038337
3129,0.008634246595250208
3130,0.006321077074607004
3131,0.003187703491843253
3132,0.003409530639755911
3133,0.006487976174623664
3134,0.008725520041395247
3135,0.007934571707083848
3136,0.0063214976763329035
3137,0.007117054671681151
3138,0.006593882828600179
3139,0.0066651884777250954
3140,0.008779395897690018
3141,0.010164889169963129
3142,0.008746340502808708
3143,0.008496016449505314
3144,0.00985960810427787
3145,0.00652263120490496
3146,0.004723851677300368
3147,0.009634886298409005
3148,0.0028516103281614373
3149,0.008999965332998969
3150,0.006107826520011776
3151,0.007289183139652844
3152,0.011097360909778507
3153,0.007540013447108844
3154,0.010521226905320306
3155,0.009023036224226165
3156,0.0044776348933804
3157,0.007888655086390802
3158,0.007756882309439049
3159,0.004292001448567762
3160,0.005501472613040333
3161,0.007095263246816592
3162,0.008991875948011077
3163,0.007440185919788607
3164,0.010085289933714861
3165,0.007474829574517172
3166,0.005608291288335984
3167,0.004567585915904523
3168,0.006059158342246738
3169,0.0031564650136481067
3170,0.007276174629063184
3171,0.005959599421343902
3172,0.00942616686604661
3173,0.011986085051362458
3174,0.009221856591980878
3175,0.01013002854181504
3176,0.004519999517434359
3177,0.00734871784839769
3178,0.010754575015533127
3179,0.009325898628758272
3180,0.005380313278860878
3181,0.006834302909781248
3182,0.007023857100226178
3183,0.008916635957515134
3184,0.005446896053385006
3185,0.006292290958037622
3186,0.0078449105346823
3187,0.006613232153786297
3188,0.008664218370583874
3189,0.006572761995920129
3190,0.00599395391221603
3191,0.004845320439870552
3192,0.008047869436484407
3193,0.00401527038618067
3194,0.009649978425033907
3195,0.009358591977381904
3196,0.006914382323398248
3197,0.00804097986483263
3198,0.008127032060492501
3199,0.0056939569782082115
3200,0.009540778350855957
3201,0.00794313984827889
3202,0.009693208938313633
3203,0.008964189384015133
3204,0.006502964922886277
3205,0.011832147761497751
3206,0.007242346565426575
3207,0.009070173174198972
3208,0.008094498332984333
3209,0.006566721711670244
3210,0.00536207332404706
3211,0.005765991321629807
3212,0.0067249585699632256
3213,0.008254628969808069
3214,0.004871350863914435
3215,0.009644737400268456
3216,0.008178306702961985
3217,0.006356438620193918
3218,0.00661665424715392
3219,0.00673273555960658
3220,0.006618146486497556
3221,0.009869147356729752
3222,0.0073131083172951515
3223,0.010383199093985362
3224,0.008471064369464053
3225,0.008312269311739236
3226,0.008743622451113844
3227,0.007378725376194413
3228,0.006693578165730874
3229,0.006671348758911813
3230,0.005982017776117087
3231,0.005326717074517016
3232,0.009312738090867119
3233,0.01022877763328797
3234,0.008845581982944108
3235,0.007550858576234004
3236,0.006351931078195675
3237,0.008310493916965806
3238,0.0076704122306191416
3239,0.008153340975657385
3240,0.005642178397161006
3241,0.010572146222293691
3242,0.004732228702187417
3243,0.006320532772403985
3244,0.0070571734822887046
3245,0.008987542941666584
3246,0.005795350440733219
3247,0.005739984850737452
3248,0.004636714937494414
3249,0.007273651691849209
3250,0.00727621382969054
3251,0.01004524576140535
3252,0.008845413267084235
3253,0.008355365374644727
3254,0.007079916586652049
3255,0.005010480681530953
3256,0.007972567623395937
3257,0.00556658187673389
3258,0.006179381449589391
3259,0.004990485070444621
3260,0.0064123948746531685
3261,0.007496577260473865
3262,0.008122806364226237
3263,0.005472011821049901
3264,0.008455230390327976
3265,0.004707759727429851
3266,0.007394951912681772
3267,0.004439686446067329
3268,0.007381056296581765
3269,0.004719587839162277
3270,0.007997030279498173
3271,0.009483191612550493
3272,0.008154598436264874
3273,0.00722034871200899
3274,0.007362615590962086
3275,0.011292356926945229
3276,0.006447159468665743
3277,0.00388385314401848
3278,0.003262156299620636
3279,0.007039457680346093
3280,0.00859677748149415
3281,0.006176704391313063
3282,0.01024034260637253
3283,0.008186743722636374
3284,0.007747105686112298
3285,0.004556564682079197
3286,0.010638456034936421
3287,0.0075915376300292724
3288,0.006450715231164103
3289,0.009876697034552047
3290,0.00653458055732912
3291,0.006118668732392689
3292,0.005426189636525731
3293,0.005332235023578857
3294,0.007085869546093448
3295,0.007062996964657603
3296,0.008726445681252653
3297,0.006008136081540419
3298,0.006240541564969551
3299,0.0073759548007718955
3300,0.011141450088404914
3301,0.008993369131058835
3302,0.00940952696239061
3303,0.004864017175276267
3304,0.009110837012946143
3305,0.010269426081134129
3306,0.007794945819650697
3307,0.00743800897512069
3308,0.006409909206633468
3309,0.0057339934832465085
3310,0.004849304007475334
3311,0.006629686002118431
3312,0.007459985992188131
3313,0.005362424739198268
3314,0.009777187413342981
3315,0.0037920890451612335
3316,0.01032612968964051
3317,0.005532614581044477
3318,0.005942302840957133
3319,0.007924605822908989
3320,0.011655699991572108
3321,0.00720699338747473
3322,0.00648673962579731
3323,0.009999000945429184
3324,0.007210653428541346
3325,0.007254430669264196
3326,0.008661091355301662
3327,0.007363673858850667
3328,0.006237103539163796
3329,0.008448056619506102
3330,0.003915118437565182
3331,0.002507862532528144
3332,0.006093881815333493
3333,0.008810551004801399
3334,0.006948079915479756
3335,0.0070338518653297755
3336,0.0073359625198772095
3337,0.010591205951572594
3338,0.008032753053729273
3339,0.007547608051656792
3340,0.00559293484765155
3341,0.0063655956491903325
3342,0.0043351449795279665
3343,0.007091533927719623
3344,0.0071253258020970225
3345,0.007618137653246318
3346,0.007665536409252403
3347,0.005726920281650493
3348,0.006476531688456823
3349,0.005362438761442166
3350,0.00868868926145489
3351,0.005926425603253715
3352,0.008731263068950442
3353,0.008698897561412419
3354,0.006898923085006543
3355,0.005902161568183686
3356,0.008278518051807283
3357,0.006848092762504776
3358,0.008775174231853257
3359,0.0033403108797053203
3360,0.0021150698655897915
3361,0.007642023947371053
3362,0.007990254749762686
3363,0.007570539555490192
3364,0.006222901853635271
3365,0.007247032438963172
3366,0.005175607396375327
3367,0.004365491852655246
3368,0.010659250183960663
3369,0.006191023688838418
3370,0.00804671973367264
3371,0.006229961285980298
3372,0.0046680535464931165
3373,0.009039061907341696
3374,0.006408015829266403
3375,0.009468779318423154
3376,0.011329133957769367
3377,0.003242752761749829
3378,0.008874190869631838
3379,0.009407283749196459
3380,0.009348891503985903
3381,0.005023536112191249
3382,0.008569831814332619
3383,0.007268364452485461
3384,0.005306270760500134
3385,0.012961466785580699
3386,0.005724266496473518
3387,0.008855136897811861
3388,0.009616040207328836
3389,0.01053590984812
3390,0.004633660963554567
3391,0.006992022680106205
3392,0.006892383548685021
3393,0.009495999765070708
3394,0.007939301542967538
3395,0.008374764228175615
3396,0.008286214535824095
3397,0.010184898642125554
3398,0.007996494262898139
3399,0.008734765233710912
3400,0.006921061398399464
3401,0.00792628434660973
3402,0.005807568511131545
3403,0.00799570732643343
3404,0.005896737384155461
3405,0.008384869441112459
3406,0.005812465687674876
3407,0.009694071426960108
3408,0.008448678969857223
3409,0.006849345089244496
3410,0.004604022003273723
3411,0.007177180504480569
3412,0.007932259864827837
3413,0.0031532450699282705
3414,0.006410289330712017
3415,0.009177447022699426
3416,0.007415730193258261
3417,0.005729718322732648
3418,0.004137282704231039
3419,0.006669310133076744
3420,0.008111009518194004
3421,0.006748041640816602
3422,0.009425323182401227
3423,0.006477065713916305
3424,0.008873275078864058
3425,0.005154474318994796
3426,0.0025554081704968977
3427,0.008820095481506578
3428,0.0051031339114148795
3429,0.007138335170453332
3430,0.00703169800692036
3431,0.009080849698365248
3432,0.00499953644121151
3433,0.007548667833262623
3434,0.007327151027028585
3435,0.006494578125462044
3436,0.00549309857982362
3437,0.0063891324720995925
3438,0.008518524469166375
3439,0.007895460918606396
3440,0.004738040564568859
3441,0.004874007691524641
3442,0.007232527247371991
3443,0.008658937930533309
3444,0.008019420551973386
3445,0.0069250309279717814
3446,0.006559491865444772
3447,0.0024743222292883662
3448,0.009405626410630646
3449,0.007987021573101907
3450,0.00797953233932405
3451,0.00277958481763127
3452,0.007127677817191838
3453,0.0070198022274194066
3454,0.005215970114944174
3455,0.006214393082868357
3456,0.007276973355997726
3457,0.009903048184753353
3458,0.010423218874791095
3459,0.01218842421203251
3460,0.005654791667577848
3461,0.008843549597019013
3462,0.007791516057616676
3463,0.010061511025039247
3464,0.006858700012355966
3465,0.00593506563868829
3466,0.0077918785535122295
3467,0.005583018058771578
3468,0.0077031584874645955
3469,0.005955821185165144
3470,0.004720658586881599
3471,0.010605946858264128
3472,0.0075397953868940135
3473,0.011997692444244208
3474,0.007936594653478518
3475,0.003772792084802441
3476,0.006762071439323156
3477,0.006011653022353349
3478,0.006844996823806221
3479,0.009305360357246323
3480,0.008480076923434793
3481,0.003998966553194301
3482,0.006287985313225944
3483,0.008796234258824717
3484,0.0035041169378725264
3485,0.005455935534229576
3486,0.00700032148081763
3487,0.008452583110970427
3488,0.010750444643552938
3489,0.009303268284199022
3490,0.008332061895095933
3491,0.007018984476240432
3492,0.007517363074923626
3493,0.010957860117063564
3494,0.00601909314905546
3495,0.00725830541559497
3496,0.007430540648576405
3497,0.009086603071154293
3498,0.009193642659323662
3499,0.006819137838480936
3500,0.008297686502650756
3501,0.007680662194558876
3502,0.006517754520443018
3503,0.009671944642265309
3504,0.009439031773398469
3505,0.007358075527842919
3506,0.00981644556776644
3507,0.005066177844644995
3508,0.005464787033852135
3509,0.007016719257465579
3510,0.007279231053379619
3511,0.009252725948182907
3512,0.007740378006323238
3513,0.005986710042671057
3514,0.004726831510037337
3515,0.011098668490627624
3516,0.008148484673677342
3517,0.0059848382819588705
3518,0.005233749637214248
3519,0.009782340809277515
3520,0.004212326935887599
3521,0.0076940031181461505
3522,0.006630309694382742
3523,0.010772736355791372
3524,0.005233082409582752
3525,0.009977406196606885
3526,0.006537718243455742
3527,0.007623120562307843
3528,0.005679811645414595
3529,0.006452384792977493
3530,0.006203886483440274
3531,0.006001315666018315
3532,0.006719220527189694
3533,0.007417525447342141
3534,0.005255037173521183
3535,0.00643534503367701
3536,0.0063286513392301815
3537,0.006851667997822918
3538,0.00457746639546161
3539,0.007646731702064093
3540,0.011012037490659855
3541,0.005974937845301424
3542,0.005396267882096165
3543,0.011065163045743513
3544,0.008998330439555526
3545,0.004639974803167781
3546,0.010947700789523923
3547,0.005553549928096595
3548,0.009947164279857687
3549,0.007049226344214329
3550,0.005146544160786242
3551,0.007344944267160656
3552,0.0074995707791558645
3553,0.008321649637426811
3554,0.00706395463897949
3555,0.0074384409449602205
3556,0.004499212738459417
3557,0.0056292186200469115
3558,0.006963377875533821
3559,0.006192860122317082
3560,0.00625315900631798
3561,0.011371426624425654
3562,0.007381020085090442
3563,0.009985791052013946
3564,0.009516783253434339
3565,0.004835004446878262
3566,0.011325688454607265
3567,0.004512390645272879
3568,0.008789846661133896
3569,0.008286435025928612
3570,0.0036419354025829576
3571,0.0075724894032843755
3572,0.004709805220114435
3573,0.007267362535269878
3574,0.00734070064615768
3575,0.00617366396617557
3576,0.0077464248152076
3577,0.005696749170352515
3578,0.008153199296763771
3579,0.007179814864024564
3580,0.006866647117540979
3581,0.007982619324545113
3582,0.005571039424175564
3583,0.00690117764551181
3584,0.010831237038087976
3585,0.00434556450798586
3586,0.002705791018624882
3587,0.005056778643182226
3588,0.01047399553852964
3589,0.0056399610343931626
3590,0.00777785549081052
3591,0.002952886245127074
3592,0.007561904502143007
3593,0.0027092308785326867
3594,0.005882408858546275
3595,0.006607062185963394
3596,0.007228283523606943
3597,0.0064324357162051675
3598,0.005388779193796116
3599,0.008776953744922154
3600,0.005259044502981215
3601,0.008264593339782068
3602,0.005300929826452251
3603,0.005860799074798912
3604,0.006095534443782526
3605,0.008695636923251104
3606,0.010252073270011548
3607,0.006142854661767277
3608,0.007966321290595432
3609,0.00515956423232757
3610,0.006429235073332723
3611,0.006013712858482785
3612,0.008105209531781479
3613,0.00539390842733048
3614,0.0027226102884868658
3615,0.004444178303829373
3616,0.005547470383712151
3617,0.004411095291520624
3618,0.00834839737564683
3619,0.003741592781567575
3620,0.01067837630178425
3621,0.00541594674185788
3622,0.010012332571803876
3623,0.006665484670549141
3624,0.003489340715385604
3625,0.0069731346793186905
3626,0.00845178760305781
3627,0.006475587780368147
3628,0.007270236678052114
3629,0.008705233757818762
3630,0.0040474299550063726
3631,0.01113751338801107
3632,0.003525000578492812
3633,0.009725076837832778
3634,0.0043120480717614455
3635,0.008399949854349354
3636,0.004095884145792801
3637,0.008431501381330983
3638,0.005272252694954316
3639,0.006729011087427868
3640,0.007697461390069824
3641,0.008068352499936808
3642,0.009827718053899977
3643,0.010998232326364312
3644,0.005831060383492436
3645,0.006141920480959009
3646,0.007246780142054272
3647,0.007269407841747633
3648,0.0056504799073169385
3649,0.009135489684452741
3650,0.010785412232567378
3651,0.006071716258286401
3652,0.0075062627422734
3653,0.00922663688239565
3654,0.006209147255423781
3655,0.007362305402424879
3656,0.010566558033025836
3657,0.006080836801884521
3658,0.009864413393175713
3659,0.011778723943081566
3660,0.006745981259258541
3661,0.009542823133981835
3662,0.0073447261849996625
3663,0.007496878346688876
3664,0.007150241680665687
3665,0.00897623470184767
3666,0.009838672006396768
3667,0.010038488594156392
3668,0.009092900252049277
3669,0.008286548813738508
3670,0.007137630367432747
3671,0.007226357853335889
3672,0.005835483491856489
3673,0.009993644541596625
3674,0.005912845200234574
3675,0.00459861076403228
3676,0.00794369545679149
3677,0.007073105667662069
3678,0.0049635205050412275
3679,0.0054567535235772605
3680,0.0072464448997076785
3681,0.006018097433231629
3682,0.007609808608608786
3683,0.007036960954763317
3684,0.006670234367602855
3685,0.010644359690608245
3686,0.0033178950395175376
3687,0.00842792888459849
3688,0.009459816504375069
3689,0.00812208665600069
3690,0.008667551715445854
3691,0.006459052783157049
3692,0.011566742152355017
3693,0.00909287241684706
3694,0.006464432115472698
3695,0.007289822675853107
3696,0.010040907981584475
3697,0.006839944750173478
3698,0.006369656320634709
3699,0.006872848446286117
3700,0.007664450327505246
3701,0.00600765134101517
3702,0.006058005150184638
3703,0.010239233060529995
3704,0.006712991621623421
3705,0.006816578113051952
3706,0.008804643352494168
3707,0.005775653416388209
3708,0.004716835750652499
3709,0.008688223118902222
3710,0.006988509470058029
3711,0.008645704676527559
3712,0.009689735096763631
3713,0.007052276645838633
3714,0.0024730778430189573
3715,0.006887143646614346
3716,0.006985047948149893
3717,0.005552925746468707
3718,0.003486805249844223
3719,0.006654802778771632
3720,0.008880346164690939
3721,0.009731779810908968
3722,0.008752052624959372
3723,0.006691036029507947
3724,0.006409150484267363
3725,0.00903521105922615
3726,0.009125247961682997
3727,0.01027507556683398
3728,0.008859228755779212
3729,0.004884410841829492
3730,0.005933655594180442
3731,0.0069871736759420985
3732,0.006309119386611682
3733,0.00604056921535309
3734,0.00758573181053848
3735,0.01127756899291785
3736,0.009418543175982074
3737,0.007398605458754701
3738,0.005246379886397079
3739,0.005464699807944194
3740,0.011753700866115373
3741,0.00749489449585432
3742,0.007845859141248435
3743,0.007922677871848494
3744,0.004470560358804661
3745,0.008822690889134541
3746,0.00907798341339988
3747,0.008684643909917304
3748,0.008955315983776512
3749,0.006756113280996998
3750,0.008000045920973592
3751,0.007874546477211003
3752,0.00883461621535127
3753,0.0058763344284356945
3754,0.007164581326203401
3755,0.00733744727884787
3756,0.010015296947104513
3757,0.009659404667742394
3758,0.009651938738429153
3759,0.005033076182167184
3760,0.005007255995453534
3761,0.007080445547703387
3762,0.011606699863809094
3763,0.004386231558871785
3764,0.008131248516323722
3765,0.00934209971637345
3766,0.0058119571636776205
3767,0.0072392017301485785
3768,0.007033377998495722
3769,0.011243727721743021
3770,0.004732701660086878
3771,0.005928693201663636
3772,0.0030521369754370224
3773,0.006435433521102605
3774,0.006738044083250809
3775,0.008054639418235929
3776,0.0074655519176368606
3777,0.009268658835425367
3778,0.0024215373886443945
3779,0.004401798895919318
3780,0.009639771782480981
3781,0.008222845846923314
3782,0.006956032976654937
3783,0.006530368795795968
3784,0.0034576051862302572
3785,0.0090507391875914
3786,0.005646936903554074
3787,0.008900144015071195
3788,0.005870136070838964
3789,0.009587555805317186
3790,0.01000709934972598
3791,0.010967802514054764
3792,0.005349741546687675
3793,0.008582577192631943
3794,0.007253878376466336
3795,0.00902562957887547
3796,0.009041688898504877
3797,0.011482898025474239
3798,0.00954366069527919
3799,0.0055763312455459155
3800,0.009428512437951108
3801,0.0069657208999813315
3802,0.005908853048075658
3803,0.004487603336354297
3804,0.008625065587681793
3805,0.008500095927065143
3806,0.0054221273273435565
3807,0.005618982041039726
3808,0.00871106354624613
3809,0.00914994831784364
3810,0.005269132762339979
3811,0.003213246180631721
3812,0.010849374899478566
3813,0.006303440293683013
3814,0.0008581375002681823
3815,0.0050206732767641826
3816,0.006985263284917784
3817,0.005181323339340994
3818,0.004992573192843371
3819,0.007326990473896877
3820,0.007639023048394225
3821,0.007887613640013117
3822,0.006381138398754059
3823,0.009123009489111246
3824,0.0033399741231057434
3825,0.00734724039274538
3826,0.0075145016735188195
3827,0.003649037837580656
3828,0.007719001163121413
3829,0.0074944802177157365
3830,0.0043448665308860965
3831,0.007302463995110059
3832,0.008967213383228121
3833,0.004634802026394847
3834,0.007046686402627074
3835,0.005790300585184137
3836,0.007120731085684005
3837,0.006331055774647196
3838,0.006364030406958701
3839,0.010401859766394902
3840,0.0069574210694172915
3841,0.007583344698646284
3842,0.007888087291477127
3843,0.008418185666705932
3844,0.0066925504537109605
3845,0.007617512904643827
3846,0.010012172788949905
3847,0.0044956465103243425
3848,0.009607314315826163
3849,0.00504778258414261
3850,0.0091362395292096
3851,0.009639763186377338
3852,0.005478870798720113
3853,0.006879753827557694
3854,0.0065322329642271875
3855,0.009950581446512667
3856,0.009527390162427084
3857,0.008346569045312616
3858,0.006804907380264749
3859,0.009113291262108253
3860,0.006470460051010129
3861,0.006625749875867407
3862,0.005677217411721097
3863,0.0074277233272750254
3864,0.009356180804304563
3865,0.008176179241689577
3866,0.005216495497779523
3867,0.005078826493917073
3868,0.006651874343458528
3869,0.00782029011801457
3870,0.006339259136308661
3871,0.008117356995862302
3872,0.006020273501928354
3873,0.0045069132246868685
3874,0.01030415159924288
3875,0.009611018272875093
3876,0.003989455047908384
3877,0.007375486416186537
3878,0.009046495888506218
3879,0.0076052399286506535
3880,0.008164957947241803
3881,0.009785810969459385
3882,0.005859062685370666
3883,0.006819867593366119
3884,0.00864392065825829
3885,0.0066489233557131084
3886,0.009097529231603564
3887,0.0044635626508659635
3888,0.005382261865009693
3889,0.007991085881679101
3890,0.009682627703817639
3891,0.009333580070207058
3892,0.00828207484822368
3893,0.0068853201231328124
3894,0.00738305118628073
3895,0.01216279524060399
3896,0.00788029997561824
3897,0.004541005453572904
3898,0.006897064216120781
3899,0.0067217097069662435
3900,0.00815817883832994
3901,0.004663354551965744
3902,0.005905698383733231
3903,0.008741343240199689
3904,0.009246196023434034
3905,0.004407971783824251
3906,0.006413794898479851
3907,0.00423333998185531
3908,0.004079365508036006
3909,0.010259440385899137
3910,0.005987211786269405
3911,0.005810046306671278
3912,0.008479960161642455
3913,0.0063371897808985845
3914,0.0067965792914563535
3915,0.008191379508829578
3916,0.007106403761546483
3917,0.0071210391748547566
3918,0.006759218628674191
3919,0.004508856528812352
3920,0.00919127261733274
3921,0.005597696310789572
3922,0.006299239618976135
3923,0.007933277297626653
3924,0.010001242284176818
3925,0.008929626279018523
3926,0.006461100868108811
3927,0.004087104298727451
3928,0.009055401601437871
3929,0.006534797725715538
3930,0.011788875227756016
3931,0.003833605126963571
3932,0.007019090054351436
3933,0.0039181896320111395
3934,0.00808656354678622
3935,0.006858428162639739
3936,0.0035619428126090744
3937,0.008645649299839376
3938,0.009887968551263868
3939,0.007043355389937826
3940,0.004121686680238034
3941,0.005657246408190601
3942,0.00974505337418632
3943,0.005502034604973366
3944,0.0070695792018067
3945,0.005930627292182517
3946,0.011332794950198965
3947,0.006080407063348183
3948,0.0040396914292474126
3949,0.006772389936020508
3950,0.009335081508275736
3951,0.0059361893046184985
3952,0.006387251822142908
3953,0.008339418749853085
3954,0.010801628164044137
3955,0.006710238197613061
3956,0.00836962572095959
3957,0.006752507069512914
3958,0.005528399435332322
3959,0.006150076187272751
3960,0.004263833817364727
3961,0.007580438746149605
3962,0.0060084262621192775
3963,0.008928490861326367
3964,0.006798233530126162
3965,0.007294849941381453
3966,0.004885366586448527
3967,0.005650633193419545
3968,0.005692303979042466
3969,0.007686999646786409
3970,0.005935955345651394
3971,0.0044899267068065785
3972,0.0093397956880882
3973,0.007748219729648571
3974,0.00904200953569214
3975,0.0057410725147680666
3976,0.010064080982336103
3977,0.009174075619480238
3978,0.008015969589989047
3979,0.007373472311939885
3980,0.008238828427321914
3981,0.004199356176093105
3982,0.009199994241345072
3983,0.008095023865927186
3984,0.006236736912255923
3985,0.007896154450231086
3986,0.007149763584916072
3987,0.0070700709834154996
3988,0.011360258098365137
3989,0.010795688224563314
3990,0.009321870328513508
3991,0.009473920467411582
3992,0.0043869297331644895
3993,0.0037172968705355587
3994,0.0094497949499641
3995,0.00738566060894873
3996,0.008328886575725582
3997,0.008656935840637401
3998,0.0059409113670267815
3999,0.007040372165370762
4000,0.00701623597764168
4001,0.007428017081147609
4002,0.0077213933848558096
4003,0.005977730056592816
4004,0.008868285827022529
4005,0.012138540854231165
4006,0.00920978100287986
4007,0.007588751344673234
4008,0.002990052829631424
4009,0.004210914483829637
4010,0.01027061234240722
4011,0.008855765824081036
4012,0.00473705056357136
4013,0.005663061620107699
4014,0.00826060775465353
4015,0.0076109351035537325
4016,0.004889831292280883
4017,0.0035139160632967
4018,0.007069421050895268
4019,0.012768527834517731
4020,0.006043293000422045
4021,0.00648472888391233
4022,0.008797137328080606
4023,0.006378947769012313
4024,0.00300216968383106
4025,0.006962615489630432
4026,0.006403316857576953
4027,0.012125807890613632
4028,0.008348712208151723
4029,0.00856174819059982
4030,0.004704812712367926
4031,0.008234095043706967
4032,0.009685217688762144
4033,0.008625746738699033
4034,0.009213409790114873
4035,0.00963102229962185
4036,0.008345811434928064
4037,0.007067518187244724
4038,0.003378733758107208
4039,0.009043869772016938
4040,0.005105974837470958
4041,0.006833797765729311
4042,0.007897873630703664
4043,0.011066596743345602
4044,0.0057358465297998274
4045,0.008714406551014617
4046,0.009752759193675195
4047,0.008563984851297083
4048,0.007166437024790845
4049,0.0044206172967972395
4050,0.01024369924708044
4051,0.008567801642556789
4052,0.008459425375292717
4053,0.010206706231998961
4054,0.005307404328113612
4055,0.01045992657448854
4056,0.00538413370232813
4057,0.006105518805511165
4058,0.005251862814003768
4059,0.00580699304244745
4060,0.007787329197247015
4061,0.006091612217215812
4062,0.007980514987237713
4063,0.006902072243854964
4064,0.008818388191686689
4065,0.008002413300704052
4066,0.009262864090442767
4067,0.009107839781246628
4068,0.008095880954527365
4069,0.0021633800815875474
4070,0.00829806075073585
4071,0.010157001281872514
4072,0.004558092511662183
4073,0.008753426760979573
4074,0.006261959968069072
4075,0.00646606352031707
4076,0.00468892206936142
4077,0.007081860809917526
4078,0.005522878691846561
4079,0.007555995312202449
4080,0.005340859866341132
4081,0.007114319094889669
4082,0.005969333106204842
4083,0.006845387679653009
4084,0.009281012778583024
4085,0.010150038632958828
4086,0.008261689404698772
4087,0.005299003131172852
4088,0.0051341739960606494
4089,0.007576559090963822
4090,0.007188270514679201
4091,0.009131862483589681
4092,0.008325641023426162
4093,0.009673531937766261
4094,0.007073900866284358
4095,0.005490670158408874
4096,0.004327546184938304
4097,0.009670524833930433
4098,0.00673880144796467
4099,0.004360251223967136
4100,0.007247950704177356
4101,0.005855187581589452
4102,0.0060701924592459055
4103,0.004631876288412768
4104,0.005247017577380604
4105,0.009997436207926381
4106,0.006963077996013442
4107,0.004763736212074242
4108,0.007653509259408678
4109,0.01349637653061729
4110,0.0030662468133018927
4111,0.00738215316497685
4112,0.003861693615349922
4113,0.005802085947733887
4114,0.0062138527853292935
4115,0.007087537576076333
4116,0.012202252692452457
4117,0.005425669090612197
4118,0.007256541610205688
4119,0.007758279275041238
4120,0.008627740882586152
4121,0.004066997013743981
4122,0.009591251607520265
4123,0.004434470848816101
4124,0.005238824291020216
4125,0.005636036927597828
4126,0.008365518842010831
4127,0.004864293990399181
4128,0.005496833007276802
4129,0.007774670657906245
4130,0.010047687929318865
4131,0.006285104094262482
4132,0.0096861550265789
4133,0.006821377497131685
4134,0.007434396278497138
4135,0.008334289654135508
4136,0.007463730773519001
4137,0.009313735599175286
4138,0.004451174906893196
4139,0.007119568597941471
4140,0.005911824594343476
4141,0.004805630343683256
4142,0.009853219895244514
4143,0.01207125442259963
4144,0.007168098425514147
4145,0.011224274122799251
4146,0.004652020799262994
4147,0.008142060484000752
4148,0.008548788549677487
4149,0.006138766163329451
4150,0.004735568509673269
4151,0.0062522839121309974
4152,0.00525996442758655
4153,0.007801153476753778
4154,0.007193705238390799
4155,0.005747865460385249
4156,0.0067353994694004495
4157,0.010867680772779697
4158,0.00926829345088032
4159,0.007023815411388049
4160,0.00660704306303807
4161,0.0047014880038071544
4162,0.005264183220035286
4163,0.009981770279177135
4164,0.007883843700666976
4165,0.007762639722109231
4166,0.004597831783881425
4167,0.00663022177513726
4168,0.008370421393238299
4169,0.008496335204987476
4170,0.004913475303580689
4171,0.006225475874262942
4172,0.009609081686921232
4173,0.008070675409951496
4174,0.007068985274582637
4175,0.009409771329529281
4176,0.0039115235758960375
4177,0.007709776537576781
4178,0.0060902983860948
4179,0.006927011739616175
4180,0.0036617176073035227
4181,0.007345832803697506
4182,0.007554089487973775
4183,0.00676256519762918
4184,0.0075887801132161845
4185,0.005873799632736394
4186,0.005968562284618876
4187,0.005972124371781441
4188,0.00659189346520109
4189,0.0027041647640466786
4190,0.007843719347152648
4191,0.006368563899198853
4192,0.009257129618372842
4193,0.005814288009085679
4194,0.008770013524393614
4195,0.006488807875794053
4196,0.005594677389872162
4197,0.00263699101825107
4198,0.006783709007709177
4199,0.01043547078673317
4200,0.006853736402149054
4201,0.012078058715638062
4202,0.004841512003852485
4203,0.007548570431303284
4204,0.00728033127564368
4205,0.0070910571621155246
4206,0.0056203169214091315
4207,0.005554097879439984
4208,0.0040359165843762744
4209,0.004365036875052781
4210,0.009976959183189669
4211,0.006972691909915452
4212,0.006394652129584561
4213,0.00651210498213544
4214,0.004163043342695192
4215,0.00771062607308787
4216,0.0039011805239121166
4217,0.00810721654994609
4218,0.009458318661177238
4219,0.005315493547494339
4220,0.005211147003034813
4221,0.008740399105010342
4222,0.007492533366776623
4223,0.008475975019424865
4224,0.006470717232956261
4225,0.005286837976382635
4226,0.010107113210586268
4227,0.005087983956613809
4228,0.0049702109223883914
4229,0.010008801222237846
4230,0.005649557982964601
4231,0.00794033319418261
4232,0.007177840738768019
4233,0.006546195424878744
4234,0.007175938602406571
4235,0.005241031467019876
4236,0.00532048251887898
4237,0.00806019628255562
4238,0.004137682764914592
4239,0.005968763564589192
4240,0.008441084489510304
4241,0.005530541437155869
4242,0.0055699523297323816
4243,0.004762014745393841
4244,0.0046801998671942985
4245,0.00943385850266271
4246,0.008198392763871631
4247,0.010127484892676727
4248,0.008912310623972998
4249,0.008018874443013723
4250,0.0056207381160046825
4251,0.009083723805144337
4252,0.007073128154590674
4253,0.0043085151286996
4254,0.005602993040398792
4255,0.006647655293753956
4256,0.010657708279600739
4257,0.0019337750620444412
4258,0.005910939392219706
4259,0.005852830667933183
4260,0.0053358455769542375
4261,0.007770448444175274
4262,0.004856961387097965
4263,0.00539930390297092
4264,0.008718490337780948
4265,0.004642126387814688
4266,0.005899583029096436
4267,0.00819240894056781
4268,0.007744435009776495
4269,0.007024915747495928
4270,0.0062964533428332805
4271,0.0091831185679561
4272,0.0056972760242287104
4273,0.010741020476989492
4274,0.007427993288280017
4275,0.006914794768307727
4276,0.00894107264927529
4277,0.00658455343386147
4278,0.008947336537008906
4279,0.009075720329438286
4280,0.005509895762031809
4281,0.006764684433223063
4282,0.006221544708931048
4283,0.007908392348372238
4284,0.005573474829994753
4285,0.0039429794408968
4286,0.00221601303677625
4287,0.005449470629020731
4288,0.005524769267698045
4289,0.004460468478711245
4290,0.0039224097709857795
4291,0.006231739742660019
4292,0.003106336701530845
4293,0.0055458020360590644
4294,0.004405258254739456
4295,0.0061093396130315804
4296,0.009023192159195784
4297,0.005917284716519647
4298,0.005925456567772458
4299,0.006097667765279051
4300,0.005516716169267502
4301,0.005638686357236645
4302,0.005991230489405289
4303,0.006419400406883867
4304,0.0057848742320982735
4305,0.004865999425346432
4306,0.006070449628202872
4307,0.00925674505920182
4308,0.0035125228775394327
4309,0.008488931036924496
4310,0.007340530583575949
4311,0.009785319251941246
4312,0.005444768176507279
4313,0.007918112693329555
4314,0.008089237922186836
4315,0.007360630368020692
4316,0.0078123993262715075
4317,0.005814436891746195
4318,0.007915131545578661
4319,0.004717907870849291
4320,0.004904145551100593
4321,0.006175817931395584
4322,0.004807584079448289
4323,0.0066161097021158926
4324,0.010100908196258253
4325,0.005040899903898293
4326,0.006334756495379758
4327,0.00850992602159397
4328,0.0061820646937479065
4329,0.00997305549614845
4330,0.005942206486833497
4331,0.004182642019392819
4332,0.007599927054482561
4333,0.008100157731991455
4334,0.010657268422026234
4335,0.004712469039904551
4336,0.004416011300844613
4337,0.00769653876335336
4338,0.0061258958299819245
4339,0.007961661230907687
4340,0.006189572285144823
4341,0.007406892819234029
4342,0.008887688511869492
4343,0.008366056989109288
4344,0.006392069373045981
4345,0.005499507420023628
4346,0.011611563934720641
4347,0.002749966289650141
4348,0.009637468909883554
4349,0.0036147502126800566
4350,0.009268748546447386
4351,0.0067317219550608026
4352,0.0037808443757494105
4353,0.0037847158531848267
4354,0.008191086399648087
4355,0.005401636304568665
4356,0.0078530221492073
4357,0.004655005704593327
4358,0.007357948805618443
4359,0.012112552933786604
4360,0.004205116092883805
4361,0.008188237034088563
4362,0.0045519647931153585
4363,0.005810362670152796
4364,0.008339060061221048
4365,0.008487958498404209
4366,0.006661086802649254
4367,0.012900707981156117
4368,0.004933520818407066
4369,0.009259717199328107
4370,0.011818693488174156
4371,0.007230925317110221
4372,0.007444696427766534
4373,0.007554999359062037
4374,0.004739419683314599
4375,0.00929669171798805
4376,0.006434242624144375
4377,0.006655266805449772
4378,0.008833081098910456
4379,0.010863546396759894
4380,0.007413021023999819
4381,0.006221689282359811
4382,0.008695216648850736
4383,0.008032631221599086
4384,0.00705009070067629
4385,0.008755230194752255
4386,0.0054924156560903215
4387,0.008483974834838632
4388,0.008845831283235094
4389,0.009211431457118235
4390,0.008198392530443513
4391,0.008170270690708989
4392,0.01094362829535083
4393,0.005289720568623054
4394,0.00572427448473741
4395,0.008214905155326854
4396,0.006933408366750311
4397,0.005344795238408626
4398,0.00902233656904865
4399,0.00721679338989919
4400,0.0066227925541559336
4401,0.006393494779657734
4402,0.00934621964549738
4403,0.007141587160371378
4404,0.007041900063636456
4405,0.007174749658014229
4406,0.004736363806879253
4407,0.007566677502304787
4408,0.011824812424458524
4409,0.010910372371265633
4410,0.007280876335960878
4411,0.009560348815280218
4412,0.008219918046361872
4413,0.00697442374514554
4414,0.006427909032934396
4415,0.004002767843868022
4416,0.00440896773823312
4417,0.01079340598588741
4418,0.0058287472579974225
4419,0.005109252939313799
4420,0.009208755046501592
4421,0.005903056174305957
4422,0.007516786225133988
4423,0.00853671254557795
4424,0.00916693153355829
4425,0.005306798590095754
4426,0.008823718179872788
4427,0.0058539008187488235
4428,0.008348027973534369
4429,0.007448809164659839
4430,0.005188271322260714
4431,0.008484059964485587
4432,0.009630268660569985
4433,0.005167107821944442
4434,0.00586840390337279
4435,0.004697387344799016
4436,0.007874491567852254
4437,0.006305209039408904
4438,0.007619821540041058
4439,0.0060012535590930225
4440,0.00399197273692969
4441,0.00652174467048792
4442,0.0021633930409641457
4443,0.00781160274433509
4444,0.008518642992847414
4445,0.0057117756041202145
4446,0.007677588949942246
4447,0.005766806859403896
4448,0.008851131785321298
4449,0.004776633822256101
4450,0.007788676390915537
4451,0.005740478117239831
4452,0.004955180657233252
4453,0.005837090026408667
4454,0.007768218458495077
4455,0.009586230112591666
4456,0.003949382680596023
4457,0.006086151803949993
4458,0.007991555152790288
4459,0.006932226565281689
4460,0.003959639069420224
4461,0.006819433273545193
4462,0.007776526940394911
4463,0.008924326251482973
4464,0.005307086420964556
4465,0.007868931493833588
4466,0.008533017652459837
4467,0.007258085500128261
4468,0.009561853064868373
4469,0.006628195868944598
4470,0.009435806911724211
4471,0.006267238396912173
4472,0.0035004421214722193
4473,0.004291997776377815
4474,0.005426889917286611
4475,0.008324338292190115
4476,0.005504134994527464
4477,0.006217175358572932
4478,0.004945730074803681
4479,0.008689997930528433
4480,0.008764397370457129
4481,0.008818197841562975
4482,0.002581588655867488
4483,0.005281645085710228
4484,0.005135092704990113
4485,0.0019746699364544596
4486,0.008313064628310243
4487,0.005183927701835007
4488,0.006318008841194979
4489,0.007127838253757558
4490,0.006809189018818232
4491,0.003316117914252557
4492,0.0045910382657158785
4493,0.009288808322482772
4494,0.004380738958546183
4495,0.008633845868397133
4496,0.008805538010703173
4497,0.006520951799235691
4498,0.005637380970313225
4499,0.007946914601955481
4500,0.006960139457074592
4501,0.0026479143798788193
4502,0.005264872216374365
4503,0.005532090702499004
4504,0.006930649507403954
4505,0.0077049728430559185
4506,0.005617657133029083
4507,0.009082302704526347
4508,0.006961603892869322
4509,0.007223510209324174
4510,0.005874450882489342
4511,0.00964235619601205
4512,0.006296117256933245
4513,0.0031391034860836636
4514,0.008295371319074697
4515,0.007372882102797638
4516,0.006001139476535003
4517,0.008081224784754214
4518,0.00899410701748558
4519,0.005285496342542183
4520,0.008571811056683216
4521,0.00595792645389691
4522,0.008308054110227244
4523,0.007440682320368009
4524,0.0074958583060139
4525,0.008162780651099074
4526,0.007629561517523106
4527,0.007321166699645743
4528,0.0073042786472235065
4529,0.006870500974698238
4530,0.006539802538850593
4531,0.006943154955894484
4532,0.008021435444197204
4533,0.007285484713903337
4534,0.006604508258110479
4535,0.008058936981533047
4536,0.010272070360399106
4537,0.0058590692672529044
4538,0.006333182649360974
4539,0.007418937486653435
4540,0.006435691420908512
4541,0.005403151048566808
4542,0.0090769818716459
4543,0.003516195931438211
4544,0.011101728566306932
4545,0.009848194887790086
4546,0.006510243494305144
4547,0.009305949094499917
4548,0.007688281273164325
4549,0.007100387062901908
4550,0.005796489558071973
4551,0.00805030720801671
4552,0.006154910213784204
4553,0.004429650090051603
4554,0.006266744855149399
4555,0.009223953593074128
4556,0.011682298796420926
4557,0.004191836883136809
4558,0.009080567519570868
4559,0.007451876753216728
4560,0.004929145569097103
4561,0.005512188486967902
4562,0.0086938722344936
4563,0.006045390777476989
4564,0.00964946391203804
4565,0.0066389938371996665
4566,0.00805699751015505
4567,0.007429080062958305
4568,0.007480189311425707
4569,0.006227332493980576
4570,0.008180560150837936
4571,0.006901757784756839
4572,0.005730676134751275
4573,0.006343049177852703
4574,0.004183653193095009
4575,0.005649547430078327
4576,0.009104401806666487
4577,0.0065128076156089456
4578,0.005729165374629418
4579,0.004045815047251107
4580,0.009857845309915235
4581,0.009139764884460076
4582,0.006326933813281836
4583,0.008177274257862747
4584,0.006138955959881083
4585,0.00826332365063639
4586,0.005446583538472336
4587,0.010714837965250898
4588,0.001410037221630704
4589,0.0053128727861851376
4590,0.005334246108475263
4591,0.007831927567771648
4592,0.007662151142143958
4593,0.005904130795649637
4594,0.002912184934283963
4595,0.004912008844341121
4596,0.008145524061315529
4597,0.004896393168876961
4598,0.0055151442439561075
4599,0.004938203088510647
4600,0.0055297460059909025
4601,0.006734070609021714
4602,0.006252196284059107
4603,0.010225782728293118
4604,0.005801817084431483
4605,0.007489334342830592
4606,0.007894063875369244
4607,0.007088268735718069
4608,0.006651251208616464
4609,0.0041605052652484665
4610,0.007201837309867576
4611,0.009611733444402457
4612,0.008006668357996464
4613,0.006400737912864031
4614,0.010652778579104417
4615,0.006142632876242516
4616,0.005980057069835745
4617,0.004385974596599453
4618,0.008818805883726277
4619,0.006162428218568718
4620,0.0076298966413874516
4621,0.009205050780371676
4622,0.0073646802948124975
4623,0.002054430964367205
4624,0.005470895186546942
4625,0.004702736492204736
4626,0.005626367676138785
4627,0.004186179152485607
4628,0.0068503728038533575
4629,0.00872353201319646
4630,0.010090774338235095
4631,0.010298170328700309
4632,0.007754021850722055
4633,0.009424353713192576
4634,0.0067539308972270964
4635,0.006762171355570311
4636,0.0067948496140305915
4637,0.010133326177054511
4638,0.00692818044043719
4639,0.008955906274337712
4640,0.00862428921805447
4641,0.011278175042527353
4642,0.008172388186329933
4643,0.003739486613472108
4644,0.009099662069329228
4645,0.006843169479346827
4646,0.007918327658312968
4647,0.011183436048321001
4648,0.007979927843521513
4649,0.0011363126949447521
4650,0.01006639670058061
4651,0.0076536825382597885
4652,0.006832848886259406
4653,0.008627918395741814
4654,0.008182785660072623
4655,0.0059155573543852894
4656,0.010681915830552738
4657,0.01051018075634406
4658,0.007581173301818139
4659,0.006019733426060469
4660,0.004083399894373103
4661,0.007480735762755969
4662,0.00789559868412169
4663,0.007046613383031222
4664,0.006748052806344525
4665,0.007001702054805037
4666,0.005697735680023243
4667,0.008387225755099387
4668,0.00777905772705814
4669,0.009388102512837618
4670,0.00783558450958453
4671,0.009906749851201681
4672,0.004942929788863043
4673,0.006463688574558553
4674,0.008800173912084949
4675,0.008204358126803344
4676,0.00737750063999001
4677,0.006506492496646353
4678,0.002811327977521072
4679,0.007031932841605045
4680,0.005041587499312222
4681,0.007390132464676838
4682,0.007492411982340389
4683,0.00837077246320379
4684,0.007261261733814632
4685,0.00726740339381713
4686,0.0051286306251895515
4687,0.005930473716563568
4688,0.007913140270934595
4689,0.008054395909061174
4690,0.0069452102146333435
4691,0.008695056020173089
4692,0.008138528934148879
4693,0.007709343824121841
4694,0.007579729457019069
4695,0.007192357418251269
4696,0.009673371884674343
4697,0.008097275129364806
4698,0.0037249430948275894
4699,0.004317782511430261
4700,0.008763802837564175
4701,0.00793115932744894
4702,0.008225493550430346
4703,0.006413720501553975
4704,0.008889512855382
4705,0.010691857593691801
4706,0.005529479276585151
4707,0.00926605626329809
4708,0.004098924887914751
4709,0.007600930157345526
4710,0.0065955034304239196
4711,0.00823292870087535
4712,0.008925885657641928
4713,0.009844100478637017
4714,0.008571764437630492
4715,0.006116185822755559
4716,0.009664564282245929
4717,0.0052467104990992315
4718,0.009900862154557523
4719,0.007038970747570042
4720,0.0074145128743761
4721,0.005433877711609259
4722,0.007711628564224091
4723,0.009834205032274702
4724,0.011071262442191218
4725,0.009542069069559492
4726,0.009025483670717972
4727,0.004366324542457133
4728,0.007793600987997952
4729,0.008868232920904915
4730,0.008396479570043393
4731,0.008407879358336198
4732,0.0058464796258424585
4733,0.009357376282542738
4734,0.005074686980690474
4735,0.012005943580417284
4736,0.012800543485052185
4737,0.0032026471785998926
4738,0.0063391744394471
4739,0.006957854504948052
4740,0.007689692008965058
4741,0.006812262728126845
4742,0.008246625867574487
4743,0.005161199010700755
4744,0.008199228612640434
4745,0.007511531693085815
4746,0.006589507515949155
4747,0.005780915116930098
4748,0.006960461656388835
4749,0.009518120707361837
4750,0.00789816598481748
4751,0.0027664980076426053
4752,0.006317711231890097
4753,0.004841955334189286
4754,0.009009263147827521
4755,0.004844079138586923
4756,0.005536681998268769
4757,0.008498760856062434
4758,0.010527229982466402
4759,0.004775374335598151
4760,0.007315751327438674
4761,0.01059197269527076
4762,0.010595714368723082
4763,0.006489982731521104
4764,0.00542817071366601
4765,0.007651287012802097
4766,0.00641630352446067
4767,0.006208379333584033
4768,0.007736012139315782
4769,0.006409324701810817
4770,0.008154517037289347
4771,0.009588395477762673
4772,0.010717422381591754
4773,0.00566497494492164
4774,0.00893869575814282
4775,0.008967271125402161
4776,0.0079342669701425
4777,0.006480406349952376
4778,0.0022862986525559485
4779,0.007679832873129354
4780,0.006885841718632981
4781,0.010358829032688338
4782,0.00795508809424059
4783,0.009325997631519506
4784,0.006878728934271605
4785,0.0038926120241987335
4786,0.003187533149914175
4787,0.010533911306747214
4788,0.003360376531707415
4789,0.008999429917005197
4790,0.006309682208790258
4791,0.0076084218088442925
4792,0.010270980831203973
4793,0.00865194860909916
4794,0.007886694708139649
4795,0.006170439122618117
4796,0.00827308834215321
4797,0.009989645374136274
4798,0.007215216243577594
4799,0.007051904070762555
4800,0.008908258568102009
4801,0.006894125660168035
4802,0.0038138253697748356
4803,0.008866459542109548
4804,0.01004620940817532
4805,0.005672431549997951
4806,0.008862561030131989
4807,0.007228265472299118
4808,0.010283661818141467
4809,0.00768887108669773
4810,0.00721659617581587
4811,0.007690708071093652
4812,0.009681666228187813
4813,0.006685424248748885
4814,0.011505791193071425
4815,0.004861318036826856
4816,0.004438790028841054
4817,0.005071300809133961
4818,0.0035398609200331375
4819,0.007476025730484004
4820,0.006700444135607891
4821,0.007578162601701718
4822,0.00409404468684702
4823,0.006696406036319871
4824,0.00812948215213741
4825,0.009194320664632102
4826,0.0062472854543210495
4827,0.00403551124162555
4828,0.005537365208113504
4829,0.006058849035615696
4830,0.009621807691968853
4831,0.00444815516837407
4832,0.005467659555763074
4833,0.008035019340936072
4834,0.006469722353815659
4835,0.008000040176254993
4836,0.007255948385337996
4837,0.005872916870574396
4838,0.00718134864225684
4839,0.00798049673526006
4840,0.006539110566262082
4841,0.004564078753543873
4842,0.009745528483057271
4843,0.0059576539945019455
4844,0.005002897555307946
4845,0.00758444640109336
4846,0.006414931679864835
4847,0.006122629266969741
4848,0.007852086773143179
4849,0.007495512905458836
4850,0.005971121583386337
4851,0.010419935515185413
4852,0.0061708333143171085
4853,0.006884869652363347
4854,0.006918010689610628
4855,0.005405996909327596
4856,0.010661318980209588
4857,0.009054896477169295
4858,0.010271469008769445
4859,0.008520961922440198
4860,0.002868719943455042
4861,0.005610809238325729
4862,0.009474738327048138
4863,0.009592359167364572
4864,0.00967815649061674
4865,0.006930801227851823
4866,0.006285171447295695
4867,0.00657478636197265
4868,0.008300605277552331
4869,0.009505571239708986
4870,0.008421286907969859
4871,0.010217613133157753
4872,0.009340339296834041
4873,0.007347086280044589
4874,0.004607331278570817
4875,0.007856458728765354
4876,0.004245197825466691
4877,0.009530399828488155
4878,0.006880042107018184
4879,0.006656753907206872
4880,0.00695456832196627
4881,0.005899865392973223
4882,0.00674999764061947
4883,0.0063581528024834995
4884,0.005897774890366667
4885,0.00793355883641408
4886,0.009214742653682226
4887,0.00648574575150285
4888,0.00616443398157582
4889,0.006912737788307641
4890,0.009058911268708017
4891,0.007202240254753222
4892,0.0062346054176036225
4893,0.00722206792573621
4894,0.007882532003049968
4895,0.00701242073523445
4896,0.009828446251983657
4897,0.007355233718687894
4898,0.009611845901328415
4899,0.007904346244812165
4900,0.006554519673546111
4901,0.007373279156396026
4902,0.005660452062671394
4903,0.00916052619303626
4904,0.011305832136875948
4905,0.004724051417589937
4906,0.00885006140984049
4907,0.006636770329403817
4908,0.006905586221266931
4909,0.00811640332342427
4910,0.006344336686703515
4911,0.003610433781107033
4912,0.005538507084561693
4913,0.004449307297986381
4914,0.007494033166343836
4915,0.006644587094467219
4916,0.0060361139812892236
4917,0.007481793767194324
4918,0.003918058900948806
4919,0.00968943416772338
4920,0.0061131920136389475
4921,0.006767214207859765
4922,0.00795727264261582
4923,0.007429455314982826
4924,0.008008814761519717
4925,0.003868097624559129
4926,0.007984517324127815
4927,0.004767240623117064
4928,0.009367959020752256
4929,0.008211075737473183
4930,0.006470013084422842
4931,0.0046663083797147155
4932,0.005489690781933903
4933,0.00468599284251253
4934,0.0069149796825660375
4935,0.00703523482899408
4936,0.0037064900564271934
4937,0.006208171187311759
4938,0.009029311091141603
4939,0.011956651607145723
4940,0.0045335889140590835
4941,0.00805373056245089
4942,0.010884340415924041
4943,0.0033320587274744975
4944,0.00815164084550622
4945,0.006090495218545048
4946,0.005796433415815594
4947,0.006666867508257705
4948,0.008670993228014862
4949,0.00899304174498219
4950,0.006842951246287856
4951,0.006510461579138227
4952,0.008752476615982495
4953,0.006281942609467675
4954,0.006857203150408756
4955,0.0037618155082101853
4956,0.00873219342195013
4957,0.004531014142012855
4958,0.007226616061582684
4959,0.009841198060533683
4960,0.007292043986008641
4961,0.005866182599422092
4962,0.006381773510224904
4963,0.007001398544378988
4964,0.0045150633084375825
4965,0.005328545591878148
4966,0.008129721546193241
4967,0.005307610583633313
4968,0.00716085299161244
4969,0.007569241909579671
4970,0.005584195442918262
4971,0.006378834537311232
4972,0.007735362829029477
4973,0.008872547957863519
4974,0.006236647474175054
4975,0.00765764866818844
4976,0.008658743199780381
4977,0.0075915184373864745
4978,0.004779639380256468
4979,0.008259940696267747
4980,0.008576675476384958
4981,0.006488554615259712
4982,0.004945761506986116
4983,0.008493934309178452
4984,0.00818294882182824
4985,0.006809457915323646
4986,0.006469537836099595
4987,0.005449414985957545
4988,0.012668947485290965
4989,0.007690459612171551
4990,0.010871184339261295
4991,0.006707043699681686
4992,0.007345162476933277
4993,0.008070630343881998
4994,0.005357783757888292
4995,0.008233562507394664
4996,0.009605595190821084
4997,0.006965889520274186
4998,0.00662262995463662
4999,0.008181674598686683
